name,city,cuisines,rating,budget_tier,address,vegetarian,source
Bukhara,Delhi,North Indian | Mughlai | Fine Dining,4.7,Rs 2000+,"ITC Maurya, Sardar Patel Marg",Yes,https://wibest.in/restaurants/delhi/
Indian Accent,Delhi,Modern Indian | Fine Dining,4.8,Rs 2000+,"The Lodhi, Lodhi Road",Yes,https://wibest.in/restaurants/delhi/
Karim's,Delhi,Mughlai | North Indian | Street Food,4.5,Under Rs 500,"Jama Masjid, Old Delhi",Yes,https://wibest.in/restaurants/delhi/
Paranthe Wali Gali,Delhi,North Indian | Street Food | Vegetarian,4.2,Under Rs 500,"Chandni Chowk, Old Delhi",No,https://wibest.in/restaurants/delhi/
Saravana Bhavan,Delhi,South Indian | Vegetarian,4.4,Under Rs 500,"Connaught Place, New Delhi",Yes,https://wibest.in/restaurants/delhi/
SodaBottleOpenerWala,Delhi,Parsi | Cafe | Continental,4.3,Rs 500-2000,"Khan Market, New Delhi",Yes,https://wibest.in/restaurants/delhi/
Moti Mahal,Delhi,North Indian | Mughlai,4.3,Rs 500-2000,"Daryaganj, Old Delhi",Yes,https://wibest.in/restaurants/delhi/
Farzi Cafe,Delhi,Modern Indian | Continental | Cafe,4.4,Rs 500-2000,Connaught Place,Yes,https://wibest.in/restaurants/delhi/
Trishna,Mumbai,Seafood | South Indian | Crab,4.6,Rs 500-2000,"Kala Ghoda, Fort",Yes,https://wibest.in/restaurants/mumbai/
Leopold Cafe,Mumbai,Continental | Cafe | North Indian,4.3,Rs 500-2000,Colaba Causeway,Yes,https://wibest.in/restaurants/mumbai/
Bademiya,Mumbai,Mughlai | Street Food | Kebabs,4.4,Under Rs 500,"Tulloch Road, Colaba",No,https://wibest.in/restaurants/mumbai/
The Bombay Canteen,Mumbai,Modern Indian | Continental,4.6,Rs 2000+,"Kamala Mills, Lower Parel",Yes,https://wibest.in/restaurants/mumbai/
Britannia & Co,Mumbai,Parsi | Iranian | Cafe,4.5,Under Rs 500,"Ballard Estate, Fort",Yes,https://wibest.in/restaurants/mumbai/
Swati Snacks,Mumbai,Street Food | Vegetarian | Gujarati,4.5,Under Rs 500,"Tardeo, Mumbai",Yes,https://wibest.in/restaurants/mumbai/
Peshawri,Mumbai,North Indian | Mughlai | Fine Dining,4.6,Rs 2000+,"ITC Maratha, Andheri",Yes,https://wibest.in/restaurants/mumbai/
Bastian,Mumbai,Seafood | Continental | Fine Dining,4.5,Rs 2000+,Bandra West,Yes,https://wibest.in/restaurants/mumbai/
Murugan Idli Shop,Chennai,South Indian | Vegetarian,4.5,Under Rs 500,"T Nagar, Chennai",Yes,https://wibest.in/restaurants/chennai/
Saravana Bhavan,Chennai,South Indian | Vegetarian,4.5,Under Rs 500,"Cathedral Road, Chennai",Yes,https://wibest.in/restaurants/chennai/
Ponnusamy Hotel,Chennai,Chettinad | South Indian | Non-Veg,4.4,Rs 500-2000,"Egmore, Chennai",Yes,https://wibest.in/restaurants/chennai/
Dakshin,Chennai,South Indian | Fine Dining | Chettinad,4.6,Rs 2000+,"ITC Grand Chola, Guindy",Yes,https://wibest.in/restaurants/chennai/
Dhaba Express,Chennai,North Indian | Punjabi,4.2,Under Rs 500,"Anna Nagar, Chennai",Yes,https://wibest.in/restaurants/chennai/
Junior Kuppanna,Chennai,South Indian | Biryani | Chettinad,4.3,Rs 500-2000,"Egmore, Chennai",Yes,https://wibest.in/restaurants/chennai/
Benjarong,Chennai,Thai | Fine Dining,4.5,Rs 2000+,"Dakshin Hotel, TTK Road",Yes,https://wibest.in/restaurants/chennai/
Anjappar,Chennai,Chettinad | South Indian,4.3,Rs 500-2000,"Multiple outlets, Chennai",Yes,https://wibest.in/restaurants/chennai/
MTR (Mavalli Tiffin Rooms),Bangalore,South Indian | Vegetarian,4.6,Under Rs 500,"Lalbagh Road, Bangalore",Yes,https://wibest.in/restaurants/bangalore/
Vidyarthi Bhavan,Bangalore,South Indian | Vegetarian,4.5,Under Rs 500,"Gandhi Bazaar, Basavanagudi",Yes,https://wibest.in/restaurants/bangalore/
Karavalli,Bangalore,Coastal | Seafood | Fine Dining,4.6,Rs 2000+,"The Gateway Hotel, Residency Road",Yes,https://wibest.in/restaurants/bangalore/
Meghana Foods,Bangalore,Biryani | Andhra | South Indian,4.4,Under Rs 500,"Multiple outlets, Bangalore",Yes,https://wibest.in/restaurants/bangalore/
Truffles,Bangalore,Continental | Cafe | Burgers,4.4,Rs 500-2000,"St. Marks Road, Bangalore",Yes,https://wibest.in/restaurants/bangalore/
Empire Restaurant,Bangalore,Biryani | North Indian | Kebabs,4.3,Under Rs 500,"Church Street, Bangalore",Yes,https://wibest.in/restaurants/bangalore/
The Only Place,Bangalore,Continental | Steaks,4.4,Rs 500-2000,"Museum Road, Bangalore",Yes,https://wibest.in/restaurants/bangalore/
Toit Brewpub,Bangalore,Continental | Cafe | Brewery,4.4,Rs 500-2000,"100 Feet Road, Indiranagar",Yes,https://wibest.in/restaurants/bangalore/
Peter Cat,Kolkata,Continental | North Indian,4.5,Rs 500-2000,"Park Street, Kolkata",Yes,https://wibest.in/restaurants/kolkata/
6 Ballygunge Place,Kolkata,Bengali | Fine Dining,4.5,Rs 500-2000,"Ballygunge, Kolkata",Yes,https://wibest.in/restaurants/kolkata/
Arsalan,Kolkata,Biryani | Mughlai,4.5,Under Rs 500,"Park Circus, Kolkata",Yes,https://wibest.in/restaurants/kolkata/
Oh! Calcutta,Kolkata,Bengali | Fine Dining,4.4,Rs 2000+,"Forum Mall, Elgin Road",Yes,https://wibest.in/restaurants/kolkata/
Kewpie's,Kolkata,Bengali | Home-style,4.6,Rs 500-2000,"Elgin Lane, Kolkata",Yes,https://wibest.in/restaurants/kolkata/
Flurys,Kolkata,Cafe | Bakery | Continental,4.4,Rs 500-2000,"Park Street, Kolkata",Yes,https://wibest.in/restaurants/kolkata/
Paradise Biryani,Hyderabad,Biryani | Mughlai,4.5,Under Rs 500,"MG Road, Secunderabad",Yes,https://wibest.in/restaurants/hyderabad/
Bawarchi,Hyderabad,Biryani | North Indian,4.3,Under Rs 500,"RTC X Roads, Hyderabad",Yes,https://wibest.in/restaurants/hyderabad/
Shah Ghouse,Hyderabad,Biryani | Mughlai | Haleem,4.4,Under Rs 500,"Tolichowki, Hyderabad",Yes,https://wibest.in/restaurants/hyderabad/
Chutneys,Hyderabad,South Indian | Vegetarian,4.4,Under Rs 500,"Banjara Hills, Hyderabad",Yes,https://wibest.in/restaurants/hyderabad/
Ohri's Jiva Imperia,Hyderabad,Fine Dining | Continental | North Indian,4.3,Rs 2000+,"Banjara Hills, Hyderabad",Yes,https://wibest.in/restaurants/hyderabad/
Absolute Barbecues,Hyderabad,BBQ | Continental | North Indian,4.4,Rs 500-2000,"Jubilee Hills, Hyderabad",Yes,https://wibest.in/restaurants/hyderabad/
Kritunga,Hyderabad,Andhra | South Indian,4.3,Under Rs 500,"Kukatpally, Hyderabad",Yes,https://wibest.in/restaurants/hyderabad/
Pista House,Hyderabad,Biryani | Haleem | Mughlai,4.3,Under Rs 500,"Nampally, Hyderabad",Yes,https://wibest.in/restaurants/hyderabad/
Corner House,Bangalore,Ice Cream | Desserts,4.5,Under Rs 500,"Residency Road, Bangalore",Yes,https://wibest.in/restaurants/bangalore/
Nagarjuna,Bangalore,Andhra | South Indian | Biryani,4.4,Rs 500-2000,"Residency Road, Bangalore",Yes,https://wibest.in/restaurants/bangalore/
Brahmin's Coffee Bar,Bangalore,South Indian | Vegetarian | Breakfast,4.5,Under Rs 500,"Shankarapuram, Bangalore",Yes,https://wibest.in/restaurants/bangalore/
Koshy's,Bangalore,Continental | Anglo-Indian | Cafe,4.4,Rs 500-2000,"St. Marks Road, Bangalore",Yes,https://wibest.in/restaurants/bangalore/
CTR (Central Tiffin Room),Bangalore,South Indian | Breakfast | Vegetarian,4.5,Under Rs 500,"Malleshwaram, Bangalore",Yes,https://wibest.in/restaurants/bangalore/
Rajdhani,Bangalore,Gujarati | Rajasthani | Thali,4.3,Rs 500-2000,"Forum Mall, Koramangala",Yes,https://wibest.in/restaurants/bangalore/
Barbeque Nation,Bangalore,BBQ | North Indian | Buffet,4.3,Rs 500-2000,"Koramangala, Bangalore",Yes,https://wibest.in/restaurants/bangalore/
Hard Rock Cafe,Bangalore,Continental | American | Bar,4.3,Rs 2000+,"St. Marks Road, Bangalore",Yes,https://wibest.in/restaurants/bangalore/
Fava,Bangalore,Mediterranean | Continental,4.4,Rs 2000+,"UB City, Vittal Mallya Road",Yes,https://wibest.in/restaurants/bangalore/
Olive Beach,Bangalore,Mediterranean | Fine Dining,4.4,Rs 2000+,"Wood Street, Bangalore",Yes,https://wibest.in/restaurants/bangalore/
Windmills Craftworks,Bangalore,Continental | Brewery | Jazz,4.4,Rs 2000+,"Whitefield, Bangalore",Yes,https://wibest.in/restaurants/bangalore/
Arbor Brewing Company,Bangalore,American | Brewery | Pizza,4.3,Rs 500-2000,"Magrath Road, Bangalore",Yes,https://wibest.in/restaurants/bangalore/
Vaishali,Pune,South Indian | Vegetarian | Breakfast,4.5,Under Rs 500,"FC Road, Pune",Yes,https://wibest.in/restaurants/pune/
Shabree,Pune,Maharashtrian | Thali | Vegetarian,4.4,Rs 500-2000,"Karve Road, Pune",Yes,https://wibest.in/restaurants/pune/
Malaka Spice,Pune,Pan-Asian | Thai | Fine Dining,4.4,Rs 2000+,"Koregaon Park, Pune",Yes,https://wibest.in/restaurants/pune/
German Bakery,Pune,Cafe | Continental | Bakery,4.3,Rs 500-2000,"Koregaon Park, Pune",Yes,https://wibest.in/restaurants/pune/
Blue Nile,Pune,Mughlai | Biryani | North Indian,4.3,Rs 500-2000,"Camp, Pune",Yes,https://wibest.in/restaurants/pune/
Durga,Pune,Maharashtrian | Indian | Thali,4.2,Under Rs 500,"Tilak Road, Pune",Yes,https://wibest.in/restaurants/pune/
Marz-o-rin,Pune,Cafe | Bakery | Continental,4.3,Rs 500-2000,"MG Road, Camp, Pune",Yes,https://wibest.in/restaurants/pune/
Dario's,Pune,Italian | Fine Dining,4.5,Rs 2000+,"Koregaon Park, Pune",Yes,https://wibest.in/restaurants/pune/
Agashiye,Ahmedabad,Gujarati | Thali | Fine Dining,4.6,Rs 2000+,"The House of MG, Lal Darwaja",Yes,https://wibest.in/restaurants/ahmedabad/
Vishalla,Ahmedabad,Gujarati | Thali | Traditional,4.4,Rs 500-2000,"Vasna, Ahmedabad",Yes,https://wibest.in/restaurants/ahmedabad/
Gopi Dining Hall,Ahmedabad,Gujarati | Thali | Vegetarian,4.4,Under Rs 500,"Ellis Bridge, Ahmedabad",Yes,https://wibest.in/restaurants/ahmedabad/
Chandravilas,Ahmedabad,Gujarati | Snacks | Vegetarian,4.3,Under Rs 500,"Gandhi Road, Ahmedabad",Yes,https://wibest.in/restaurants/ahmedabad/
Tomato's,Ahmedabad,Italian | Cafe | Pizza,4.3,Rs 500-2000,"CG Road, Ahmedabad",No,https://wibest.in/restaurants/ahmedabad/
Swati Snacks,Ahmedabad,Gujarati | Chaat | Vegetarian,4.4,Under Rs 500,"Law Garden, Ahmedabad",Yes,https://wibest.in/restaurants/ahmedabad/
Annapoorna Gowrishankar,Coimbatore,South Indian | Vegetarian,4.4,Under Rs 500,"RS Puram, Coimbatore",Yes,https://wibest.in/restaurants/coimbatore/
Junior Kuppanna,Coimbatore,Chettinad | South Indian | Biryani,4.4,Rs 500-2000,"Race Course, Coimbatore",Yes,https://wibest.in/restaurants/coimbatore/
Hotel Sree Annapoorna,Coimbatore,South Indian | Vegetarian,4.3,Under Rs 500,"Puliakulam, Coimbatore",Yes,https://wibest.in/restaurants/coimbatore/
Angannan Biryani,Coimbatore,Biryani | Chettinad | Non-Veg,4.3,Under Rs 500,"Gandhipuram, Coimbatore",No,https://wibest.in/restaurants/coimbatore/
The Black Tomato,Coimbatore,Continental | Cafe | Pizza,4.3,Rs 500-2000,"RS Puram, Coimbatore",Yes,https://wibest.in/restaurants/coimbatore/
On The Go,Coimbatore,Cafe | Burgers | Continental,4.2,Rs 500-2000,"Race Course, Coimbatore",Yes,https://wibest.in/restaurants/coimbatore/
Laxmi Misthan Bhandar (LMB),Jaipur,Rajasthani | Sweets | Vegetarian,4.4,Rs 500-2000,"Johari Bazaar, Jaipur",Yes,https://wibest.in/restaurants/jaipur/
Rawat Mishthan Bhandar,Jaipur,Rajasthani | Snacks | Vegetarian,4.5,Under Rs 500,"Station Road, Jaipur",Yes,https://wibest.in/restaurants/jaipur/
1135 AD,Jaipur,Rajasthani | Fine Dining | Royal,4.5,Rs 2000+,"Amer Fort, Jaipur",Yes,https://wibest.in/restaurants/jaipur/
Chokhi Dhani,Jaipur,Rajasthani | Thali | Folk,4.4,Rs 500-2000,"Tonk Road, Jaipur",Yes,https://wibest.in/restaurants/jaipur/
Suvarna Mahal,Jaipur,Indian | Fine Dining | Royal,4.6,Rs 2000+,"Rambagh Palace, Jaipur",No,https://wibest.in/restaurants/jaipur/
Tapri Central,Jaipur,Cafe | Chai | Snacks,4.4,Under Rs 500,"C Scheme, Jaipur",Yes,https://wibest.in/restaurants/jaipur/
Tunday Kababi,Lucknow,Awadhi | Kebabs | Mughlai,4.5,Under Rs 500,"Aminabad, Lucknow",No,https://wibest.in/restaurants/lucknow/
Idris Biryani,Lucknow,Awadhi | Biryani | Mughlai,4.5,Under Rs 500,"Chowk, Lucknow",No,https://wibest.in/restaurants/lucknow/
Dastarkhwan,Lucknow,Awadhi | Mughlai | Kebabs,4.4,Rs 500-2000,"Hazratganj, Lucknow",No,https://wibest.in/restaurants/lucknow/
Moti Mahal,Lucknow,Mughlai | North Indian,4.3,Rs 500-2000,"Hazratganj, Lucknow",No,https://wibest.in/restaurants/lucknow/
Royal Cafe,Lucknow,Chaat | Awadhi | Snacks,4.3,Under Rs 500,"Hazratganj, Lucknow",Yes,https://wibest.in/restaurants/lucknow/
Oudhyana (Taj Mahal Lucknow),Lucknow,Awadhi | Fine Dining,4.5,Rs 2000+,"Gomti Nagar, Lucknow",No,https://wibest.in/restaurants/lucknow/
Pal Dhaba,Chandigarh,North Indian | Punjabi | Non-Veg,4.4,Under Rs 500,"Sector 28, Chandigarh",No,https://wibest.in/restaurants/chandigarh/
Virgin Courtyard,Chandigarh,Italian | Continental | Fine Dining,4.4,Rs 2000+,"Sector 7, Chandigarh",Yes,https://wibest.in/restaurants/chandigarh/
Ghazal,Chandigarh,North Indian | Mughlai,4.3,Rs 500-2000,"Sector 17, Chandigarh",No,https://wibest.in/restaurants/chandigarh/
Swagath,Chandigarh,South Indian | Chettinad | Biryani,4.3,Rs 500-2000,"Sector 26, Chandigarh",No,https://wibest.in/restaurants/chandigarh/
Whistling Duck,Chandigarh,Continental | Brewery | Pizza,4.3,Rs 500-2000,"Elante Mall, Chandigarh",Yes,https://wibest.in/restaurants/chandigarh/
Nik Baker's,Chandigarh,Cafe | Bakery | Continental,4.3,Rs 500-2000,"Sector 9, Chandigarh",Yes,https://wibest.in/restaurants/chandigarh/
Dhe Puttu,Kochi,Kerala | South Indian | Traditional,4.4,Under Rs 500,"Panampilly Nagar, Kochi",No,https://wibest.in/restaurants/kochi/
Fort House Restaurant,Kochi,Kerala | Seafood | Fine Dining,4.4,Rs 2000+,Fort Kochi,No,https://wibest.in/restaurants/kochi/
Kashi Art Cafe,Kochi,Cafe | Continental | Breakfast,4.3,Rs 500-2000,"Burgher Street, Fort Kochi",Yes,https://wibest.in/restaurants/kochi/
Ariya Nivaas,Kochi,Kerala | South Indian | Vegetarian,4.3,Under Rs 500,"MG Road, Ernakulam",Yes,https://wibest.in/restaurants/kochi/
The Old Harbour Hotel,Kochi,Seafood | Kerala | Fine Dining,4.5,Rs 2000+,Fort Kochi,No,https://wibest.in/restaurants/kochi/
Frys Village Restaurant,Kochi,Kerala | Traditional | Seafood,4.3,Rs 500-2000,"Kadavanthra, Kochi",No,https://wibest.in/restaurants/kochi/
Sarafa Bazaar (Street Food),Indore,Street Food | Chaat | Indori,4.6,Under Rs 500,"Sarafa Bazaar, Indore",Yes,https://wibest.in/restaurants/indore/
Chappan Dukan,Indore,Street Food | Chaat | Indori,4.5,Under Rs 500,"New Palasia, Indore",Yes,https://wibest.in/restaurants/indore/
Nafees Restaurant,Indore,Mughlai | Biryani | Kebabs,4.3,Rs 500-2000,"South Tukoganj, Indore",No,https://wibest.in/restaurants/indore/
Indori Zaika,Indore,Indori | Street Food | Vegetarian,4.3,Under Rs 500,"Vijay Nagar, Indore",Yes,https://wibest.in/restaurants/indore/
Mehfil,Indore,North Indian | Mughlai,4.3,Rs 500-2000,"AB Road, Indore",No,https://wibest.in/restaurants/indore/
Apna Sweets,Indore,Sweets | Indori | Snacks,4.4,Under Rs 500,"Rajmohalla, Indore",Yes,https://wibest.in/restaurants/indore/
Dharani,Visakhapatnam,Andhra | South Indian | Seafood,4.4,Rs 500-2000,"Beach Road, Vizag",No,https://wibest.in/restaurants/visakhapatnam/
Barbeque Nation,Visakhapatnam,BBQ | Buffet | Continental,4.3,Rs 500-2000,"Jagadamba Junction, Vizag",Yes,https://wibest.in/restaurants/visakhapatnam/
Sea Inn Restaurant,Visakhapatnam,Andhra | Seafood | South Indian,4.3,Rs 500-2000,"Ramakrishna Beach, Vizag",No,https://wibest.in/restaurants/visakhapatnam/
Saptagiri,Visakhapatnam,South Indian | Vegetarian,4.3,Under Rs 500,"Dwaraka Nagar, Vizag",Yes,https://wibest.in/restaurants/visakhapatnam/
Pulla Reddy Sweets,Visakhapatnam,Sweets | Snacks | Andhra,4.4,Under Rs 500,"Asilmetta, Vizag",Yes,https://wibest.in/restaurants/visakhapatnam/
Bombay Anand Bhavan,Visakhapatnam,South Indian | North Indian | Chinese,4.2,Under Rs 500,"Siripuram, Vizag",Yes,https://wibest.in/restaurants/visakhapatnam/
Gulati Restaurant,Delhi,North Indian | Mughlai | Kebabs,4.3,Rs 500-2000,"Pandara Road, New Delhi",Yes,https://wibest.in/restaurants/delhi/
Havemore,Delhi,North Indian | Mughlai | Tandoor,4.2,Rs 500-2000,"Pandara Road, New Delhi",Yes,https://wibest.in/restaurants/delhi/
Big Chill Cafe,Delhi,Italian | Continental | Cafe,4.4,Rs 500-2000,"Khan Market, New Delhi",Yes,https://wibest.in/restaurants/delhi/
Mamagoto,Delhi,Asian | Thai | Pan-Asian,4.3,Rs 500-2000,"Khan Market, New Delhi",Yes,https://wibest.in/restaurants/delhi/
Perch Wine and Coffee Bar,Delhi,Cafe | Continental | Bar,4.4,Rs 500-2000,"Khan Market, New Delhi",Yes,https://wibest.in/restaurants/delhi/
Sagar Ratna,Delhi,South Indian | Vegetarian,4.1,Under Rs 500,"Defence Colony, New Delhi",Yes,https://wibest.in/restaurants/delhi/
Swagath Restaurant,Delhi,South Indian | Coastal | Seafood,4.2,Rs 500-2000,"Defence Colony, New Delhi",Yes,https://wibest.in/restaurants/delhi/
Andhra Bhavan Canteen,Delhi,Andhra | South Indian | Non-Veg,4.4,Under Rs 500,"Ashoka Road, New Delhi",Yes,https://wibest.in/restaurants/delhi/
Naturals Ice Cream,Delhi,Ice Cream | Desserts,4.5,Under Rs 500,"Connaught Place, New Delhi",Yes,https://wibest.in/restaurants/delhi/
Wenger's,Delhi,Bakery | Desserts,4.4,Under Rs 500,"Connaught Place, New Delhi",Yes,https://wibest.in/restaurants/delhi/
United Coffee House,Delhi,North Indian | Continental | Cafe,4.3,Rs 500-2000,"Connaught Place, New Delhi",Yes,https://wibest.in/restaurants/delhi/
Embassy Restaurant,Delhi,North Indian | Continental,4.2,Rs 500-2000,"Connaught Place, New Delhi",Yes,https://wibest.in/restaurants/delhi/
Kake Da Hotel,Delhi,North Indian | Punjabi,4.2,Under Rs 500,"Connaught Place, New Delhi",Yes,https://wibest.in/restaurants/delhi/
Dum Pukht,Delhi,Mughlai | Awadhi | Fine Dining,4.6,Rs 2000+,"ITC Maurya, Chanakyapuri",Yes,https://wibest.in/restaurants/delhi/
Varq,Delhi,Modern Indian | Fine Dining,4.5,Rs 2000+,"Taj Mahal Hotel, Mansingh Road",Yes,https://wibest.in/restaurants/delhi/
Megu,Delhi,Japanese | Sushi | Fine Dining,4.5,Rs 2000+,"The Leela Palace, Chanakyapuri",Yes,https://wibest.in/restaurants/delhi/
Olive Bar Kitchen,Delhi,Italian | Mediterranean | Fine Dining,4.4,Rs 2000+,"Mehrauli, New Delhi",Yes,https://wibest.in/restaurants/delhi/
Qla,Delhi,Modern Indian | Continental | Fine Dining,4.5,Rs 2000+,"Mehrauli, New Delhi",Yes,https://wibest.in/restaurants/delhi/
Diggin,Delhi,Italian | Cafe | Continental,4.3,Rs 500-2000,"Anand Lok, New Delhi",Yes,https://wibest.in/restaurants/delhi/
Rose Cafe,Delhi,Cafe | Continental | Brunch,4.4,Rs 500-2000,"Saket, New Delhi",Yes,https://wibest.in/restaurants/delhi/
Pind Balluchi,Delhi,North Indian | Punjabi | Tandoor,4.0,Rs 500-2000,"Pitampura, New Delhi",Yes,https://wibest.in/restaurants/delhi/
Carnatic Cafe,Delhi,South Indian | Vegetarian,4.3,Under Rs 500,"Lodhi Colony, New Delhi",Yes,https://wibest.in/restaurants/delhi/
Jimmy Boy,Mumbai,Parsi | Iranian,4.3,Rs 500-2000,"Fort, Mumbai",Yes,https://wibest.in/restaurants/mumbai/
Cafe Mondegar,Mumbai,Continental | Cafe | Bar,4.4,Rs 500-2000,"Colaba, Mumbai",Yes,https://wibest.in/restaurants/mumbai/
Theobroma,Mumbai,Bakery | Desserts | Cafe,4.5,Under Rs 500,"Colaba Causeway, Colaba",Yes,https://wibest.in/restaurants/mumbai/
Kala Ghoda Cafe,Mumbai,Cafe | Continental | Brunch,4.4,Rs 500-2000,"Kala Ghoda, Fort",Yes,https://wibest.in/restaurants/mumbai/
Gallops,Mumbai,Continental | North Indian,4.2,Rs 500-2000,Mahalaxmi Race Course,Yes,https://wibest.in/restaurants/mumbai/
Soam,Mumbai,Gujarati | Vegetarian | Jain,4.4,Rs 500-2000,"Babulnath, Chowpatty",Yes,https://wibest.in/restaurants/mumbai/
New Kulfi Centre,Mumbai,Desserts | Ice Cream,4.5,Under Rs 500,"Chowpatty, Mumbai",Yes,https://wibest.in/restaurants/mumbai/
Bademiya Seekh Kabab,Mumbai,Mughlai | Kebabs | Street Food,4.3,Under Rs 500,"Colaba, Mumbai",Yes,https://wibest.in/restaurants/mumbai/
Gajalee,Mumbai,Coastal | Seafood | Maharashtrian,4.3,Rs 500-2000,"Vile Parle West, Mumbai",Yes,https://wibest.in/restaurants/mumbai/
Mahesh Lunch Home,Mumbai,Coastal | Seafood | Mangalorean,4.4,Rs 500-2000,"Fort, Mumbai",Yes,https://wibest.in/restaurants/mumbai/
Highway Gomantak,Mumbai,Goan | Coastal | Seafood,4.3,Rs 500-2000,"Bandra East, Mumbai",Yes,https://wibest.in/restaurants/mumbai/
Pali Village Cafe,Mumbai,Italian | Mediterranean | Continental,4.4,Rs 2000+,"Pali Hill, Bandra West",Yes,https://wibest.in/restaurants/mumbai/
Bastian at the Top,Mumbai,Asian | Seafood | Fine Dining,4.6,Rs 2000+,"Worli, Mumbai",Yes,https://wibest.in/restaurants/mumbai/
Masque,Mumbai,Modern Indian | Fine Dining,4.7,Rs 2000+,"Mathuradas Mills, Lower Parel",Yes,https://wibest.in/restaurants/mumbai/
Americano,Mumbai,Italian | Mediterranean | Fine Dining,4.6,Rs 2000+,"Kala Ghoda, Fort",Yes,https://wibest.in/restaurants/mumbai/
Hakkasan,Mumbai,Chinese | Asian | Fine Dining,4.5,Rs 2000+,"Bandra West, Mumbai",Yes,https://wibest.in/restaurants/mumbai/
Yauatcha,Mumbai,Chinese | Asian | Fine Dining,4.5,Rs 2000+,"Bandra Kurla Complex, Mumbai",Yes,https://wibest.in/restaurants/mumbai/
Social Khar,Mumbai,Continental | Bar | Pub,4.3,Rs 500-2000,"Khar West, Mumbai",Yes,https://wibest.in/restaurants/mumbai/
Gateway Taproom,Mumbai,Brewery | Continental | Pub,4.3,Rs 500-2000,"Andheri West, Mumbai",Yes,https://wibest.in/restaurants/mumbai/
Persian Darbar,Mumbai,Mughlai | Biryani | Kebabs,4.2,Rs 500-2000,"Bandra West, Mumbai",Yes,https://wibest.in/restaurants/mumbai/
Shree Thaker Bhojanalay,Mumbai,Gujarati | Vegetarian,4.4,Rs 500-2000,"Kalbadevi, Mumbai",Yes,https://wibest.in/restaurants/mumbai/
Cafe Madras,Mumbai,South Indian | Vegetarian,4.4,Under Rs 500,"Matunga, Mumbai",Yes,https://wibest.in/restaurants/mumbai/
The Permit Room,Bangalore,South Indian | Modern Indian | Bar,4.4,Rs 500-2000,"Lavelle Road, Bangalore",Yes,https://wibest.in/restaurants/bangalore/
SodaBottleOpenerWala Bangalore,Bangalore,Parsi | Iranian | Cafe,4.3,Rs 500-2000,"Lavelle Road, Bangalore",Yes,https://wibest.in/restaurants/bangalore/
Smoke House Deli,Bangalore,Continental | Italian | Cafe,4.3,Rs 500-2000,"Indiranagar, Bangalore",Yes,https://wibest.in/restaurants/bangalore/
Glen's Bakehouse,Bangalore,Bakery | Cafe | Desserts,4.5,Rs 500-2000,"Indiranagar, Bangalore",Yes,https://wibest.in/restaurants/bangalore/
Byg Brewski Brewing Company,Bangalore,Brewery | Continental | Pub,4.5,Rs 500-2000,"Sarjapur Road, Bangalore",Yes,https://wibest.in/restaurants/bangalore/
Communiti,Bangalore,Brewery | Continental | Pub,4.4,Rs 500-2000,"Koramangala, Bangalore",Yes,https://wibest.in/restaurants/bangalore/
Plan B Loaded,Bangalore,American | Burgers | Pub,4.3,Rs 500-2000,"Indiranagar, Bangalore",Yes,https://wibest.in/restaurants/bangalore/
Konark Restaurant,Bangalore,Andhra | Biryani | Non-Veg,4.2,Under Rs 500,"Jayanagar, Bangalore",Yes,https://wibest.in/restaurants/bangalore/
Farzi Cafe Bangalore,Bangalore,Modern Indian | Bar | Lounge,4.3,Rs 500-2000,"UB City, Bangalore",Yes,https://wibest.in/restaurants/bangalore/
Hari Super Sandwich,Bangalore,South Indian | Street Food | Vegetarian,4.3,Under Rs 500,"Jayanagar, Bangalore",Yes,https://wibest.in/restaurants/bangalore/
Peshawri Chennai,Chennai,North Indian | Tandoor | Fine Dining,4.5,Rs 2000+,"ITC Grand Chola, Guindy",Yes,https://wibest.in/restaurants/chennai/
Southern Spice,Chennai,South Indian | Chettinad | Fine Dining,4.6,Rs 2000+,"Taj Coromandel, Nungambakkam",Yes,https://wibest.in/restaurants/chennai/
Avartana,Chennai,Modern Indian | South Indian | Fine Dining,4.7,Rs 2000+,"ITC Grand Chola, Guindy",Yes,https://wibest.in/restaurants/chennai/
The Flying Elephant,Chennai,Continental | Asian | Fine Dining,4.5,Rs 2000+,"Park Hyatt, Velachery",Yes,https://wibest.in/restaurants/chennai/
Royal Vega,Chennai,Vegetarian | North Indian | Fine Dining,4.6,Rs 2000+,"ITC Grand Chola, Guindy",Yes,https://wibest.in/restaurants/chennai/
Buhari Hotel,Chennai,Biryani | North Indian | Kebabs,4.2,Rs 500-2000,"Anna Salai, Mount Road",Yes,https://wibest.in/restaurants/chennai/
Ente Keralam,Chennai,Kerala | South Indian | Seafood,4.4,Rs 500-2000,"Poes Garden, Teynampet",Yes,https://wibest.in/restaurants/chennai/
Kaaraikudi,Chennai,Chettinad | South Indian | Biryani,4.3,Rs 500-2000,T Nagar,Yes,https://wibest.in/restaurants/chennai/
Sangeetha Veg Restaurant,Chennai,South Indian | North Indian | Vegetarian,4.2,Rs 500-2000,Nungambakkam,Yes,https://wibest.in/restaurants/chennai/
Adyar Ananda Bhavan,Chennai,South Indian | Vegetarian | Desserts,4.3,Under Rs 500,Adyar,Yes,https://wibest.in/restaurants/chennai/
Copper Chimney,Chennai,North Indian | Tandoor | Kebabs,4.3,Rs 500-2000,Greams Road,Yes,https://wibest.in/restaurants/chennai/
Cream Centre,Chennai,Vegetarian | Continental | Mexican,4.2,Rs 500-2000,RA Puram,Yes,https://wibest.in/restaurants/chennai/
Tuscana Pizzeria,Chennai,Italian | Pizza | Continental,4.4,Rs 500-2000,"Khader Nawaz Khan Road, Nungambakkam",Yes,https://wibest.in/restaurants/chennai/
Amethyst Cafe,Chennai,Cafe | Continental | Brunch,4.4,Rs 500-2000,Royapettah,Yes,https://wibest.in/restaurants/chennai/
Writer's Cafe,Chennai,Cafe | Continental | Bakery,4.5,Rs 500-2000,Gopalapuram,Yes,https://wibest.in/restaurants/chennai/
Ciclo Cafe,Chennai,Cafe | Continental | Italian,4.4,Rs 500-2000,RA Puram,Yes,https://wibest.in/restaurants/chennai/
Madras Pavilion,Chennai,South Indian | North Indian | Family,4.3,Rs 2000+,"ITC Grand Chola, Guindy",Yes,https://wibest.in/restaurants/chennai/
Zaitoon,Chennai,North Indian | Biryani | Kebabs,4.2,Rs 500-2000,"OMR, Thoraipakkam",Yes,https://wibest.in/restaurants/chennai/
Yumbox,Chennai,Asian | Continental | Cafe,4.3,Rs 500-2000,Anna Nagar,Yes,https://wibest.in/restaurants/chennai/
Eden Chennai,Chennai,Continental | Asian | Fine Dining,4.4,Rs 2000+,"The Park, Nungambakkam",Yes,https://wibest.in/restaurants/chennai/
Zara Tapas Bar,Chennai,Continental | Bar | Mexican,4.3,Rs 2000+,"Khader Nawaz Khan Road, Nungambakkam",Yes,https://wibest.in/restaurants/chennai/
Ministry of Beer Chennai,Chennai,Brewery | Continental | Bar,4.2,Rs 500-2000,"Phoenix Marketcity, Velachery",Yes,https://wibest.in/restaurants/chennai/
Jewel of Nizam,Hyderabad,Hyderabadi | Biryani | Fine Dining,4.6,Rs 2000+,"The Golkonda, Masab Tank",Yes,https://wibest.in/restaurants/hyderabad/
Firdaus,Hyderabad,Hyderabadi | Mughlai | Fine Dining,4.5,Rs 2000+,"Taj Krishna, Banjara Hills",Yes,https://wibest.in/restaurants/hyderabad/
Adaa,Hyderabad,Hyderabadi | North Indian | Fine Dining,4.6,Rs 2000+,Taj Falaknuma Palace,Yes,https://wibest.in/restaurants/hyderabad/
Celeste,Hyderabad,Italian | Continental | Fine Dining,4.5,Rs 2000+,Taj Falaknuma Palace,Yes,https://wibest.in/restaurants/hyderabad/
Dakshin Hyderabad,Hyderabad,South Indian | Chettinad | Fine Dining,4.5,Rs 2000+,"ITC Kakatiya, Begumpet",Yes,https://wibest.in/restaurants/hyderabad/
Cafe Bahar,Hyderabad,Biryani | Hyderabadi | Kebabs,4.3,Rs 500-2000,Basheerbagh,Yes,https://wibest.in/restaurants/hyderabad/
Hotel Shadab,Hyderabad,Biryani | Hyderabadi | Mughlai,4.3,Rs 500-2000,"Ghansi Bazar, Charminar",Yes,https://wibest.in/restaurants/hyderabad/
Mehfil Restaurant Hyderabad,Hyderabad,North Indian | Biryani | Mughlai,4.2,Rs 500-2000,Ameerpet,Yes,https://wibest.in/restaurants/hyderabad/
Olive Bistro,Hyderabad,Italian | Mediterranean | Fine Dining,4.5,Rs 2000+,"Durgam Cheruvu, Jubilee Hills",Yes,https://wibest.in/restaurants/hyderabad/
Fusion 9,Hyderabad,Continental | Asian | Italian,4.4,Rs 2000+,"Road No 1, Banjara Hills",Yes,https://wibest.in/restaurants/hyderabad/
Barbeque Nation Hyderabad,Hyderabad,BBQ | North Indian | Family,4.3,Rs 500-2000,Banjara Hills,Yes,https://wibest.in/restaurants/hyderabad/
Deccan Pavilion,Hyderabad,North Indian | South Indian | Family,4.3,Rs 2000+,"ITC Kakatiya, Begumpet",Yes,https://wibest.in/restaurants/hyderabad/
Ulavacharu Hyderabad,Hyderabad,Andhra | South Indian | Biryani,4.3,Rs 500-2000,Jubilee Hills,Yes,https://wibest.in/restaurants/hyderabad/
Spicy Venue,Hyderabad,Andhra | Hyderabadi | Biryani,4.2,Rs 500-2000,Jubilee Hills,Yes,https://wibest.in/restaurants/hyderabad/
Southern Spice Hyderabad,Hyderabad,Andhra | South Indian | Chettinad,4.3,Rs 500-2000,Banjara Hills,Yes,https://wibest.in/restaurants/hyderabad/
Sahib's Barbeque,Hyderabad,BBQ | North Indian | Kebabs,4.2,Rs 500-2000,Gachibowli,Yes,https://wibest.in/restaurants/hyderabad/
Roastery Coffee House,Hyderabad,Cafe | Continental | Bakery,4.5,Rs 500-2000,Banjara Hills,Yes,https://wibest.in/restaurants/hyderabad/
Concu,Hyderabad,Cafe | Bakery | Desserts,4.6,Rs 500-2000,Jubilee Hills,Yes,https://wibest.in/restaurants/hyderabad/
Prost Brew Pub,Hyderabad,Brewery | Continental | Bar,4.3,Rs 2000+,Gachibowli,Yes,https://wibest.in/restaurants/hyderabad/
Hard Rock Cafe Hyderabad,Hyderabad,Continental | American | Bar,4.4,Rs 2000+,"GVK One Mall, Banjara Hills",Yes,https://wibest.in/restaurants/hyderabad/
Mainland China Hyderabad,Hyderabad,Chinese | Asian | Family,4.3,Rs 2000+,Banjara Hills,Yes,https://wibest.in/restaurants/hyderabad/
Tatva,Hyderabad,Vegetarian | North Indian | Fine Dining,4.3,Rs 2000+,Jubilee Hills,Yes,https://wibest.in/restaurants/hyderabad/
Le Plaisir,Pune,French | Continental | Fine Dining,4.5,Rs 2000+,Koregaon Park,Yes,https://wibest.in/restaurants/pune/
Arthur's Theme,Pune,Continental | Italian | Fine Dining,4.5,Rs 2000+,Koregaon Park,Yes,https://wibest.in/restaurants/pune/
The Flour Works,Pune,Cafe | Bakery | Continental,4.5,Rs 500-2000,Koregaon Park,Yes,https://wibest.in/restaurants/pune/
Prem's,Pune,North Indian | Continental | Family,4.3,Rs 500-2000,Koregaon Park,Yes,https://wibest.in/restaurants/pune/
ABC Farms,Pune,Continental | Italian | Family,4.2,Rs 500-2000,Koregaon Park,Yes,https://wibest.in/restaurants/pune/
Sigree Global Grill,Pune,BBQ | North Indian | Kebabs,4.3,Rs 500-2000,Viman Nagar,Yes,https://wibest.in/restaurants/pune/
The Great Punjab,Pune,North Indian | Tandoor | Family,4.3,Rs 500-2000,Aundh,Yes,https://wibest.in/restaurants/pune/
Poona Guest House,Pune,Maharashtrian | Seafood | Coastal,4.3,Rs 500-2000,Narayan Peth,Yes,https://wibest.in/restaurants/pune/
Janseva Bhojanalay,Pune,Maharashtrian | Vegetarian | Family,4.3,Under Rs 500,Sadashiv Peth,Yes,https://wibest.in/restaurants/pune/
Sukanta,Pune,Vegetarian | Maharashtrian | Family,4.2,Rs 500-2000,Shivaji Nagar,Yes,https://wibest.in/restaurants/pune/
Goodluck Cafe,Pune,Iranian | Cafe | Bakery,4.3,Under Rs 500,Deccan Gymkhana,Yes,https://wibest.in/restaurants/pune/
Wadeshwar,Pune,South Indian | Maharashtrian | Vegetarian,4.3,Under Rs 500,FC Road,Yes,https://wibest.in/restaurants/pune/
Kayani Bakery,Pune,Bakery | Cafe | Desserts,4.5,Under Rs 500,"East Street, Camp",Yes,https://wibest.in/restaurants/pune/
Cafe 1730,Pune,Cafe | Continental | Brunch,4.4,Rs 500-2000,Koregaon Park,Yes,https://wibest.in/restaurants/pune/
The Place Touche the Sizzler,Pune,Continental | Family,4.4,Rs 500-2000,"Moledina Road, Camp",Yes,https://wibest.in/restaurants/pune/
Pasha,Pune,Continental | Asian | Fine Dining,4.3,Rs 2000+,"JW Marriott, Senapati Bapat Road",Yes,https://wibest.in/restaurants/pune/
Spice Kitchen,Pune,North Indian | Asian | Fine Dining,4.4,Rs 2000+,"JW Marriott, Senapati Bapat Road",Yes,https://wibest.in/restaurants/pune/
Effingut Brewerkz,Pune,Brewery | Continental | Bar,4.4,Rs 2000+,Koregaon Park,Yes,https://wibest.in/restaurants/pune/
Independence Brewing Company,Pune,Brewery | Continental | Pub,4.4,Rs 2000+,Koregaon Park,Yes,https://wibest.in/restaurants/pune/
Toit Pune,Pune,Brewery | Continental | Bar,4.4,Rs 2000+,Viman Nagar,Yes,https://wibest.in/restaurants/pune/
Euriska,Pune,Continental | Italian | Fine Dining,4.4,Rs 2000+,Baner,Yes,https://wibest.in/restaurants/pune/
Savya Rasa,Pune,South Indian | Chettinad | Kerala,4.5,Rs 500-2000,Koregaon Park,Yes,https://wibest.in/restaurants/pune/
Bhojohori Manna,Kolkata,Bengali | Family | Casual,4.3,Rs 500-2000,"Ekdalia Road, Ballygunge",Yes,https://wibest.in/restaurants/kolkata/
Aminia,Kolkata,Biryani | Mughlai | Kebabs,4.2,Rs 500-2000,"New Market, Esplanade",Yes,https://wibest.in/restaurants/kolkata/
Royal Indian Hotel,Kolkata,Mughlai | Biryani | Kebabs,4.4,Rs 500-2000,"Chitpur, Rabindra Sarani",Yes,https://wibest.in/restaurants/kolkata/
Shiraz Golden Restaurant,Kolkata,Biryani | Mughlai | Kebabs,4.2,Rs 500-2000,Park Circus,Yes,https://wibest.in/restaurants/kolkata/
Mocambo,Kolkata,Continental | Chinese,4.4,Rs 2000+,Park Street,Yes,https://wibest.in/restaurants/kolkata/
Trincas,Kolkata,Continental | Chinese | Bar,4.3,Rs 500-2000,Park Street,Yes,https://wibest.in/restaurants/kolkata/
Balaram Mullick and Radharaman Mullick,Kolkata,Sweets | Desserts | Bengali,4.5,Rs 500-2000,Bhowanipore,Yes,https://wibest.in/restaurants/kolkata/
K C Das,Kolkata,Sweets | Desserts | Bengali,4.3,Under Rs 500,Esplanade,Yes,https://wibest.in/restaurants/kolkata/
Tung Nam,Kolkata,Chinese | Asian,4.3,Under Rs 500,Tiretti Bazaar,Yes,https://wibest.in/restaurants/kolkata/
Eau Chew,Kolkata,Chinese | Asian | Family,4.4,Rs 500-2000,Ganesh Chandra Avenue,Yes,https://wibest.in/restaurants/kolkata/
Kim Ling,Kolkata,Chinese | Asian,4.2,Rs 500-2000,Tangra,Yes,https://wibest.in/restaurants/kolkata/
Beijing Restaurant,Kolkata,Chinese | Asian | Family,4.3,Rs 500-2000,Tangra,Yes,https://wibest.in/restaurants/kolkata/
Bar-B-Q,Kolkata,Chinese | Continental | Bar,4.3,Rs 2000+,Park Street,Yes,https://wibest.in/restaurants/kolkata/
Kasturi Restaurant,Kolkata,Bengali | Family,4.3,Rs 500-2000,Mirza Ghalib Street,Yes,https://wibest.in/restaurants/kolkata/
Kookie Jar,Kolkata,Bakery | Desserts | Cafe,4.5,Rs 500-2000,Rawdon Street,Yes,https://wibest.in/restaurants/kolkata/
Nahoum and Sons,Kolkata,Bakery | Desserts,4.5,Under Rs 500,New Market,Yes,https://wibest.in/restaurants/kolkata/
The Bhoj Company,Kolkata,Bengali | Family,4.3,Rs 500-2000,Salt Lake,Yes,https://wibest.in/restaurants/kolkata/
Saptapadi,Kolkata,Bengali | Family,4.2,Rs 500-2000,Salt Lake Sector V,Yes,https://wibest.in/restaurants/kolkata/
Marco Polo Kolkata,Kolkata,Continental | Chinese | Bar,4.2,Rs 500-2000,Sarat Bose Road,Yes,https://wibest.in/restaurants/kolkata/
Mainland China Kolkata,Kolkata,Chinese | Asian | Fine Dining,4.4,Rs 2000+,Gurusaday Road,Yes,https://wibest.in/restaurants/kolkata/
Oudh 1590,Kolkata,Mughlai | Biryani | Kebabs,4.5,Rs 2000+,Deshapriya Park,Yes,https://wibest.in/restaurants/kolkata/
Sienna Cafe,Kolkata,Cafe | Continental | Bakery,4.5,Rs 500-2000,Hindustan Park,Yes,https://wibest.in/restaurants/kolkata/
Paris Cafe Kolkata,Kolkata,Cafe | Continental | Italian,4.4,Rs 500-2000,Park Street,Yes,https://wibest.in/restaurants/kolkata/
Zaranj,Kolkata,North Indian | Mughlai | Fine Dining,4.3,Rs 2000+,AJC Bose Road,Yes,https://wibest.in/restaurants/kolkata/
Gordhan Thal,Ahmedabad,Gujarati | Vegetarian | Family,4.4,Rs 500-2000,Ambawadi,Yes,https://wibest.in/restaurants/ahmedabad/
Rajwadu,Ahmedabad,Gujarati | Vegetarian | Family,4.3,Rs 500-2000,Vasna,Yes,https://wibest.in/restaurants/ahmedabad/
Toran Dining Hall,Ahmedabad,Gujarati | Vegetarian | Family,4.2,Rs 500-2000,Ashram Road,Yes,https://wibest.in/restaurants/ahmedabad/
Atithi Dining Hall,Ahmedabad,Gujarati | Vegetarian | Family,4.3,Rs 500-2000,Khanpur,Yes,https://wibest.in/restaurants/ahmedabad/
Patang Revolving Restaurant,Ahmedabad,Gujarati | North Indian | Fine Dining,4.1,Rs 2000+,Lal Darwaja,Yes,https://wibest.in/restaurants/ahmedabad/
Manek Chowk,Ahmedabad,Street Food | Vegetarian,4.4,Under Rs 500,"Manek Chowk, Old City",Yes,https://wibest.in/restaurants/ahmedabad/
Das Khaman House,Ahmedabad,Street Food | Gujarati | Vegetarian,4.5,Under Rs 500,Raipur,Yes,https://wibest.in/restaurants/ahmedabad/
Asharfi Kulfi,Ahmedabad,Desserts | Sweets,4.5,Under Rs 500,Manek Chowk,Yes,https://wibest.in/restaurants/ahmedabad/
Jassi De Parathe,Ahmedabad,North Indian | Street Food,4.3,Under Rs 500,Drive-In Road,Yes,https://wibest.in/restaurants/ahmedabad/
Cafe Upper Crust,Ahmedabad,Cafe | Continental | Italian,4.4,Rs 500-2000,CG Road,Yes,https://wibest.in/restaurants/ahmedabad/
Mocha Ahmedabad,Ahmedabad,Cafe | Continental,4.2,Rs 500-2000,Navrangpura,Yes,https://wibest.in/restaurants/ahmedabad/
Tomato's,Ahmedabad,Italian | Continental | Family,4.3,Rs 500-2000,Satellite,Yes,https://wibest.in/restaurants/ahmedabad/
Sankalp Ahmedabad,Ahmedabad,South Indian | Vegetarian | Family,4.2,Rs 500-2000,CG Road,Yes,https://wibest.in/restaurants/ahmedabad/
Havmor,Ahmedabad,Desserts | Cafe | Family,4.3,Under Rs 500,Law Garden,Yes,https://wibest.in/restaurants/ahmedabad/
Mirch Masala,Ahmedabad,North Indian | Street Food,4.2,Rs 500-2000,SG Highway,Yes,https://wibest.in/restaurants/ahmedabad/
The Project Cafe,Ahmedabad,Continental | Cafe | Italian,4.3,Rs 500-2000,Bodakdev,Yes,https://wibest.in/restaurants/ahmedabad/
Seven Seas,Ahmedabad,Continental | Chinese | Italian,4.2,Rs 500-2000,Vastrapur,Yes,https://wibest.in/restaurants/ahmedabad/
Punjab Honey,Ahmedabad,North Indian | Family,4.2,Rs 500-2000,Naranpura,Yes,https://wibest.in/restaurants/ahmedabad/
Gwalia Sweets,Ahmedabad,Sweets | Desserts | Street Food,4.4,Under Rs 500,CG Road,Yes,https://wibest.in/restaurants/ahmedabad/
Honest Restaurant,Ahmedabad,Street Food | Vegetarian | Family,4.3,Under Rs 500,Income Tax Circle,Yes,https://wibest.in/restaurants/ahmedabad/
Cafe Piano,Ahmedabad,Cafe | Continental | Italian,4.3,Rs 500-2000,CG Road,Yes,https://wibest.in/restaurants/ahmedabad/
Zen Ahmedabad,Ahmedabad,Asian | Chinese | Thai,4.3,Rs 2000+,Bodakdev,Yes,https://wibest.in/restaurants/ahmedabad/
Krishna Dining Hall,Ahmedabad,Gujarati | Vegetarian | Family,4.2,Rs 500-2000,Sabarmati,Yes,https://wibest.in/restaurants/ahmedabad/
Pakwan Dining Hall,Ahmedabad,Gujarati | Vegetarian | Family,4.3,Rs 500-2000,SG Highway,Yes,https://wibest.in/restaurants/ahmedabad/
Hotel Shree Anandhaas,Coimbatore,South Indian | Vegetarian | Family,4.3,Under Rs 500,RS Puram,Yes,https://wibest.in/restaurants/coimbatore/
Geo Marina Buhari,Coimbatore,South Indian | Biryani | Family,4.2,Rs 500-2000,Race Course,Yes,https://wibest.in/restaurants/coimbatore/
Hyderabad Briyani House,Coimbatore,Biryani | Mughlai,4.2,Rs 500-2000,Peelamedu,Yes,https://wibest.in/restaurants/coimbatore/
Kovai Ulagam,Coimbatore,South Indian | Chettinad | Family,4.3,Rs 500-2000,Avinashi Road,Yes,https://wibest.in/restaurants/coimbatore/
Ulundu Vadai,Coimbatore,South Indian | Street Food,4.2,Under Rs 500,Saibaba Colony,Yes,https://wibest.in/restaurants/coimbatore/
Cafe Diem,Coimbatore,Cafe | Continental | Italian,4.3,Rs 500-2000,Race Course,Yes,https://wibest.in/restaurants/coimbatore/
Brewista,Coimbatore,Cafe | Continental | Bakery,4.4,Rs 500-2000,RS Puram,Yes,https://wibest.in/restaurants/coimbatore/
Thalappakatti Coimbatore,Coimbatore,Biryani | Chettinad | Family,4.2,Rs 500-2000,Avinashi Road,Yes,https://wibest.in/restaurants/coimbatore/
Kebab Studio,Coimbatore,Kebabs | North Indian | BBQ,4.3,Rs 500-2000,Race Course,Yes,https://wibest.in/restaurants/coimbatore/
Hotel Aryaas,Coimbatore,South Indian | Vegetarian | Family,4.2,Under Rs 500,Gandhipuram,Yes,https://wibest.in/restaurants/coimbatore/
Madras Coffee House Cbe,Coimbatore,South Indian | Cafe | Vegetarian,4.3,Under Rs 500,RS Puram,Yes,https://wibest.in/restaurants/coimbatore/
Vinayaga Bhavan,Coimbatore,South Indian | Vegetarian | Family,4.2,Under Rs 500,Gandhipuram,Yes,https://wibest.in/restaurants/coimbatore/
Royal Hindu,Coimbatore,South Indian | Vegetarian | Family,4.2,Under Rs 500,Town Hall,Yes,https://wibest.in/restaurants/coimbatore/
Sree Shakthi,Coimbatore,South Indian | Vegetarian | Family,4.2,Under Rs 500,RS Puram,Yes,https://wibest.in/restaurants/coimbatore/
Hotel Krishna Bhavan,Coimbatore,South Indian | Vegetarian | Family,4.1,Under Rs 500,Saibaba Colony,Yes,https://wibest.in/restaurants/coimbatore/
Zara Hatke,Coimbatore,Continental | Italian | Cafe,4.3,Rs 500-2000,Race Course,Yes,https://wibest.in/restaurants/coimbatore/
The Residency Coffee Shop,Coimbatore,Continental | Cafe | Family,4.2,Rs 500-2000,Avinashi Road,Yes,https://wibest.in/restaurants/coimbatore/
Latest Recipe Le Meridien,Coimbatore,Continental | Asian | Fine Dining,4.4,Rs 2000+,"Le Meridien, Race Course",Yes,https://wibest.in/restaurants/coimbatore/
Bamboo Hut,Coimbatore,Chinese | Asian,4.2,Rs 500-2000,Peelamedu,Yes,https://wibest.in/restaurants/coimbatore/
Mainland China Coimbatore,Coimbatore,Chinese | Asian | Fine Dining,4.3,Rs 2000+,Avinashi Road,Yes,https://wibest.in/restaurants/coimbatore/
Hot Breads,Coimbatore,Bakery | Cafe | Desserts,4.2,Under Rs 500,RS Puram,Yes,https://wibest.in/restaurants/coimbatore/
Kapikala Coffee House,Coimbatore,Cafe | Bakery | Continental,4.4,Rs 500-2000,Saibaba Colony,Yes,https://wibest.in/restaurants/coimbatore/
Absolute Barbecues Coimbatore,Coimbatore,BBQ | North Indian | Family,4.4,Rs 2000+,Brookefields Mall,Yes,https://wibest.in/restaurants/coimbatore/
On The Rocks,Coimbatore,North Indian | Continental | Bar,4.2,Rs 500-2000,Race Course,Yes,https://wibest.in/restaurants/coimbatore/
Joshi Dahi Bada House,Indore,Street Food | Chaat,4.4,Under Rs 500,"Chappan Dukan, New Palasia",Yes,https://wibest.in/restaurants/indore/
Vijay Chaat House,Indore,Chaat | Street Food,4.3,Under Rs 500,"Chappan Dukan, New Palasia",Yes,https://wibest.in/restaurants/indore/
Young Tarang,Indore,Chinese | Quick Bites,4.2,Under Rs 500,"Chappan Dukan, New Palasia",Yes,https://wibest.in/restaurants/indore/
Madhuram Sweets,Indore,Sweets | Desserts,4.3,Under Rs 500,"Chappan Dukan, New Palasia",Yes,https://wibest.in/restaurants/indore/
Johnny Hot Dog,Indore,Street Food | Burgers,4.4,Under Rs 500,Sarafa Bazaar,Yes,https://wibest.in/restaurants/indore/
Guru Ki Dal Bafle,Indore,North Indian | Street Food,4.2,Under Rs 500,Sapna Sangeeta Road,Yes,https://wibest.in/restaurants/indore/
Sanchora Castle,Indore,North Indian | Mughlai,4.3,Rs 500-2000,"AB Road, Vijay Nagar",Yes,https://wibest.in/restaurants/indore/
The Olive House,Indore,Italian | Continental,4.4,Rs 500-2000,Vijay Nagar,Yes,https://wibest.in/restaurants/indore/
1st Avenue Cafe,Indore,Cafe | Continental,4.3,Rs 500-2000,Vijay Nagar,Yes,https://wibest.in/restaurants/indore/
Cafe Coffee Affair,Indore,Cafe | Italian,4.2,Rs 500-2000,Vijay Nagar,Yes,https://wibest.in/restaurants/indore/
Shree Sagar Garden,Indore,South Indian | North Indian,4.1,Under Rs 500,Palasia,Yes,https://wibest.in/restaurants/indore/
Status Restaurant,Indore,North Indian | Chinese,4.2,Rs 500-2000,Sapna Sangeeta,Yes,https://wibest.in/restaurants/indore/
Hotel Kalyan,Indore,North Indian | Mughlai,4.1,Under Rs 500,MG Road,Yes,https://wibest.in/restaurants/indore/
Bombay Pav Bhaji,Indore,Street Food | Quick Bites,4.3,Under Rs 500,Sarafa Bazaar,Yes,https://wibest.in/restaurants/indore/
Agarwal Bhojnalaya,Indore,North Indian | Vegetarian,4.2,Under Rs 500,Rajwada,Yes,https://wibest.in/restaurants/indore/
Cafe Terazza,Indore,Continental | Italian,4.3,Rs 500-2000,AB Road,Yes,https://wibest.in/restaurants/indore/
Pind Balluchi Indore,Indore,North Indian | Punjabi,4.1,Rs 500-2000,Vijay Nagar,Yes,https://wibest.in/restaurants/indore/
Imperial Restaurant,Indore,Mughlai | North Indian,4.2,Rs 500-2000,MG Road,Yes,https://wibest.in/restaurants/indore/
Shreemaya Celebration,Indore,North Indian | Family,4.3,Rs 2000+,RNT Marg,Yes,https://wibest.in/restaurants/indore/
Mayur Hotel Veg,Indore,North Indian | South Indian,4.0,Under Rs 500,RNT Marg,Yes,https://wibest.in/restaurants/indore/
Hawkers Restaurant,Indore,Asian | Chinese,4.2,Rs 500-2000,"AB Road, Vijay Nagar",Yes,https://wibest.in/restaurants/indore/
Saravana Bhavan Indore,Indore,South Indian | Vegetarian,4.3,Rs 500-2000,Vijay Nagar,Yes,https://wibest.in/restaurants/indore/
56 Dukan,Indore,Street Food | Chaat,4.4,Under Rs 500,New Palasia,Yes,https://wibest.in/restaurants/indore/
Chappan Bhog,Indore,Sweets | Desserts | Street Food,4.3,Under Rs 500,Sarafa Bazaar,Yes,https://wibest.in/restaurants/indore/
Niros,Jaipur,North Indian | Continental,4.3,Rs 500-2000,MI Road,Yes,https://wibest.in/restaurants/jaipur/
Spice Court,Jaipur,Rajasthani | North Indian,4.4,Rs 500-2000,Civil Lines,Yes,https://wibest.in/restaurants/jaipur/
Peacock Rooftop Restaurant,Jaipur,North Indian | Family,4.5,Rs 500-2000,Hotel Pearl Palace,Yes,https://wibest.in/restaurants/jaipur/
Anokhi Cafe,Jaipur,Cafe | Continental,4.4,Rs 500-2000,C-Scheme,Yes,https://wibest.in/restaurants/jaipur/
Handi Restaurant,Jaipur,North Indian | Mughlai,4.3,Rs 500-2000,MI Road,Yes,https://wibest.in/restaurants/jaipur/
Four Seasons Jaipur,Jaipur,North Indian | Chinese,4.2,Rs 500-2000,"Subhash Marg, C-Scheme",Yes,https://wibest.in/restaurants/jaipur/
Sankalp Jaipur,Jaipur,South Indian | Vegetarian,4.2,Rs 500-2000,MI Road,Yes,https://wibest.in/restaurants/jaipur/
Mohan Mahal Rambagh,Jaipur,Modern Indian | Continental | Fine Dining,4.6,Rs 2000+,"Rambagh Palace, Bhawani Singh Road",Yes,https://wibest.in/restaurants/jaipur/
Bar Palladio,Jaipur,Italian | Mediterranean,4.5,Rs 2000+,"Narain Niwas Palace, Kanota Bagh",Yes,https://wibest.in/restaurants/jaipur/
Steam at Rambagh,Jaipur,Italian | Pizza | Continental,4.4,Rs 2000+,Rambagh Palace,Yes,https://wibest.in/restaurants/jaipur/
Cafe Palladio,Jaipur,Cafe | Mediterranean,4.5,Rs 2000+,"Hathroi Fort, Ajmer Road",Yes,https://wibest.in/restaurants/jaipur/
Tattoo Cafe and Lounge,Jaipur,Cafe | Continental,4.3,Rs 500-2000,Hawa Mahal Road,Yes,https://wibest.in/restaurants/jaipur/
Wind View Cafe,Jaipur,Cafe | North Indian,4.2,Under Rs 500,Hawa Mahal Road,Yes,https://wibest.in/restaurants/jaipur/
Padao Restaurant,Jaipur,Rajasthani | North Indian,4.3,Rs 500-2000,Nahargarh Fort,Yes,https://wibest.in/restaurants/jaipur/
On The House,Jaipur,Continental | Italian,4.3,Rs 500-2000,Vaishali Nagar,Yes,https://wibest.in/restaurants/jaipur/
The Forresta Kitchen and Bar,Jaipur,Continental | Asian | Bar,4.4,Rs 2000+,"Jaisinghpura, Amer",Yes,https://wibest.in/restaurants/jaipur/
Masala Chowk,Jaipur,Street Food | Rajasthani,4.2,Under Rs 500,Ram Niwas Garden,Yes,https://wibest.in/restaurants/jaipur/
Sahu Chai Wala,Jaipur,Cafe | Quick Bites,4.3,Under Rs 500,MI Road,Yes,https://wibest.in/restaurants/jaipur/
Pandit Kulfi,Jaipur,Desserts | Sweets,4.4,Under Rs 500,MI Road,Yes,https://wibest.in/restaurants/jaipur/
Rawat Kachori,Jaipur,Street Food | Sweets,4.4,Under Rs 500,Sindhi Camp,Yes,https://wibest.in/restaurants/jaipur/
Samrat Restaurant Jaipur,Jaipur,Rajasthani | Family,4.2,Rs 500-2000,MI Road,Yes,https://wibest.in/restaurants/jaipur/
Natraj Restaurant,Jaipur,North Indian | South Indian,4.2,Rs 500-2000,MI Road,Yes,https://wibest.in/restaurants/jaipur/
Jaipur Modern Kitchen,Jaipur,Continental | Modern Indian,4.4,Rs 2000+,C-Scheme,Yes,https://wibest.in/restaurants/jaipur/
Curious Life Coffee Roasters,Jaipur,Cafe | Bakery,4.5,Rs 500-2000,C-Scheme,Yes,https://wibest.in/restaurants/jaipur/
Fusion Bay,Kochi,Seafood | Kerala,4.4,Rs 500-2000,Elamkulam,Yes,https://wibest.in/restaurants/kochi/
Oceanos Restaurant,Kochi,Seafood | Continental,4.3,Rs 500-2000,Panampilly Nagar,Yes,https://wibest.in/restaurants/kochi/
Loafer's Corner Cafe,Kochi,Cafe | Continental,4.3,Rs 500-2000,"Princess Street, Fort Kochi",Yes,https://wibest.in/restaurants/kochi/
Brunton Boatyard,Kochi,Continental | Kerala | Fine Dining,4.5,Rs 2000+,"Calvathy, Fort Kochi",Yes,https://wibest.in/restaurants/kochi/
Grand Pavilion,Kochi,North Indian | South Indian | Family,4.4,Rs 2000+,"Grand Hotel, MG Road",Yes,https://wibest.in/restaurants/kochi/
Mocha Art Cafe,Kochi,Cafe | Continental,4.2,Rs 500-2000,Marine Drive,Yes,https://wibest.in/restaurants/kochi/
Rice Boat,Kochi,Seafood | Kerala | Fine Dining,4.5,Rs 2000+,"Taj Malabar, Willingdon Island",Yes,https://wibest.in/restaurants/kochi/
Thaff Restaurant,Kochi,Lebanese | Mughlai | Biryani,4.3,Rs 500-2000,Kaloor,Yes,https://wibest.in/restaurants/kochi/
Kayees Rahmathulla Hotel,Kochi,Biryani | Mughlai,4.4,Under Rs 500,Mattancherry,Yes,https://wibest.in/restaurants/kochi/
Pai Brothers,Kochi,South Indian | Vegetarian,4.3,Under Rs 500,MG Road,Yes,https://wibest.in/restaurants/kochi/
Caza Maria,Kochi,Mediterranean | Continental,4.4,Rs 2000+,"Jew Town, Mattancherry",Yes,https://wibest.in/restaurants/kochi/
Teapot Cafe,Kochi,Cafe | Continental,4.3,Rs 500-2000,"Peter Celli Street, Fort Kochi",Yes,https://wibest.in/restaurants/kochi/
Seagull Restaurant,Kochi,Seafood | Continental,4.2,Rs 500-2000,"Calvathy Road, Fort Kochi",Yes,https://wibest.in/restaurants/kochi/
Malabar Junction,Kochi,Continental | Kerala | Fine Dining,4.5,Rs 2000+,"Malabar House, Fort Kochi",Yes,https://wibest.in/restaurants/kochi/
Dal Roti,Kochi,North Indian | Mughlai,4.4,Rs 500-2000,"Lily Street, Fort Kochi",Yes,https://wibest.in/restaurants/kochi/
Solar Cafe,Kochi,Cafe | Vegan,4.3,Rs 500-2000,Fort Kochi,Yes,https://wibest.in/restaurants/kochi/
History Restaurant,Kochi,Kerala | Continental,4.4,Rs 2000+,"Brunton Boatyard, Fort Kochi",Yes,https://wibest.in/restaurants/kochi/
Kashi Art Gallery Cafe,Kochi,Cafe | Continental,4.3,Rs 500-2000,Mattancherry,Yes,https://wibest.in/restaurants/kochi/
Avocado Restaurant,Kochi,Continental | Family,4.2,Rs 500-2000,Panampilly Nagar,Yes,https://wibest.in/restaurants/kochi/
Chillies Restaurant,Kochi,Chinese | Asian,4.3,Rs 500-2000,Panampilly Nagar,Yes,https://wibest.in/restaurants/kochi/
Le Colonial Kochi,Kochi,Continental | Asian,4.4,Rs 2000+,"Forte Kochi, Fort Kochi",Yes,https://wibest.in/restaurants/kochi/
Saffron Crowne Plaza,Kochi,North Indian | Mughlai,4.3,Rs 500-2000,"Crowne Plaza, Kundannoor",Yes,https://wibest.in/restaurants/kochi/
Ginger House,Kochi,Kerala | Seafood,4.3,Rs 500-2000,"Heritage Arts, Jew Town",Yes,https://wibest.in/restaurants/kochi/
Arca Nova,Kochi,Seafood | Continental,4.3,Rs 2000+,"Old Harbour Hotel, Fort Kochi",Yes,https://wibest.in/restaurants/kochi/
Wahid Biryani,Lucknow,Mughlai | Biryani,4.3,Rs 500-2000,Aminabad,Yes,https://wibest.in/restaurants/lucknow/
Mubeen's,Lucknow,Mughlai | Kebabs,4.2,Rs 500-2000,Aminabad,Yes,https://wibest.in/restaurants/lucknow/
Rahim's Kulcha Nihari,Lucknow,Mughlai | Kebabs,4.4,Under Rs 500,Chowk,Yes,https://wibest.in/restaurants/lucknow/
Prakash Kulfi,Lucknow,Desserts | Sweets,4.5,Under Rs 500,Aminabad,Yes,https://wibest.in/restaurants/lucknow/
Ram Asrey,Lucknow,Sweets | Desserts,4.5,Under Rs 500,Hazratganj,Yes,https://wibest.in/restaurants/lucknow/
Sakhawat,Lucknow,Mughlai | Kebabs,4.2,Rs 500-2000,Husainganj,Yes,https://wibest.in/restaurants/lucknow/
Naushijaan,Lucknow,Mughlai | Biryani,4.3,Rs 500-2000,Hazratganj,Yes,https://wibest.in/restaurants/lucknow/
Lalla Biryani,Lucknow,Biryani | Mughlai,4.1,Under Rs 500,"Akbari Gate, Chowk",Yes,https://wibest.in/restaurants/lucknow/
Bhola Ki Lassi,Lucknow,Street Food,4.4,Under Rs 500,Chowk,Yes,https://wibest.in/restaurants/lucknow/
Indian Coffee House Lucknow,Lucknow,South Indian | Cafe,4.1,Under Rs 500,Hazratganj,Yes,https://wibest.in/restaurants/lucknow/
Tundey Kababi,Lucknow,Mughlai | Kebabs,4.3,Rs 500-2000,Aminabad,Yes,https://wibest.in/restaurants/lucknow/
Falaknuma Lucknow,Lucknow,North Indian | Mughlai | Fine Dining,4.3,Rs 2000+,"Clarks Avadh, Hazratganj",Yes,https://wibest.in/restaurants/lucknow/
The Mughals Dastarkhwan,Lucknow,Mughlai | Kebabs,4.2,Rs 500-2000,Gomti Nagar,Yes,https://wibest.in/restaurants/lucknow/
Azrak,Lucknow,Mughlai | Fine Dining,4.4,Rs 2000+,"Lebua, Hazratganj",Yes,https://wibest.in/restaurants/lucknow/
Barbeque Nation Lucknow,Lucknow,BBQ | North Indian,4.3,Rs 2000+,Gomti Nagar,Yes,https://wibest.in/restaurants/lucknow/
Cafe Repertwahr,Lucknow,Cafe | Continental,4.4,Rs 500-2000,Gomti Nagar,Yes,https://wibest.in/restaurants/lucknow/
Mocha Hazratganj,Lucknow,Cafe | Italian,4.2,Rs 500-2000,Hazratganj,Yes,https://wibest.in/restaurants/lucknow/
Pind Balluchi Lucknow,Lucknow,North Indian | Punjabi,4.0,Rs 500-2000,Gomti Nagar,Yes,https://wibest.in/restaurants/lucknow/
Mainland China Lucknow,Lucknow,Chinese | Asian,4.3,Rs 2000+,Hazratganj,Yes,https://wibest.in/restaurants/lucknow/
Big Bowl,Lucknow,Chinese | Asian,4.1,Rs 500-2000,Gomti Nagar,Yes,https://wibest.in/restaurants/lucknow/
Cravvings Patisserie,Lucknow,Bakery | Desserts,4.5,Rs 500-2000,Gomti Nagar,Yes,https://wibest.in/restaurants/lucknow/
Chowk by Vineet Bhatia,Lucknow,Modern Indian | Fine Dining,4.4,Rs 2000+,"Renaissance, Vibhuti Khand",Yes,https://wibest.in/restaurants/lucknow/
The Hazratganj Social,Lucknow,North Indian | Continental | Bar,4.2,Rs 500-2000,Hazratganj,Yes,https://wibest.in/restaurants/lucknow/
Sharma Ji Ki Chai,Lucknow,Cafe | Street Food,4.3,Under Rs 500,Lalbagh,Yes,https://wibest.in/restaurants/lucknow/
Backpackers Cafe,Chandigarh,Cafe | Continental,4.4,Rs 500-2000,Sector 9,Yes,https://wibest.in/restaurants/chandigarh/
Pirates of Grill,Chandigarh,BBQ | North Indian,4.3,Rs 2000+,Elante Mall,Yes,https://wibest.in/restaurants/chandigarh/
Hops n Grains,Chandigarh,Brewery | Continental,4.3,Rs 2000+,Sector 26,Yes,https://wibest.in/restaurants/chandigarh/
Gopal Sweets,Chandigarh,Sweets | North Indian,4.3,Under Rs 500,Sector 35,Yes,https://wibest.in/restaurants/chandigarh/
Sindhi Sweets,Chandigarh,Sweets | Street Food,4.2,Under Rs 500,Sector 17,Yes,https://wibest.in/restaurants/chandigarh/
Bhoj Chandigarh,Chandigarh,North Indian | Family,4.3,Rs 500-2000,Sector 22,Yes,https://wibest.in/restaurants/chandigarh/
Saffron JW Marriott,Chandigarh,North Indian | Mughlai | Fine Dining,4.4,Rs 2000+,"JW Marriott, Sector 35",Yes,https://wibest.in/restaurants/chandigarh/
Black Lotus Taj,Chandigarh,Pan-Asian | Chinese | Fine Dining,4.4,Rs 2000+,"Taj, Sector 17",Yes,https://wibest.in/restaurants/chandigarh/
Garlic and Greens,Chandigarh,Mediterranean | Italian,4.5,Rs 2000+,Sector 26,Yes,https://wibest.in/restaurants/chandigarh/
The Brew Estate,Chandigarh,Brewery | Continental,4.3,Rs 2000+,Sector 26,Yes,https://wibest.in/restaurants/chandigarh/
Brewmaster,Chandigarh,Brewery | North Indian,4.2,Rs 2000+,Sector 26,Yes,https://wibest.in/restaurants/chandigarh/
Olive Garden Panchkula,Chandigarh,North Indian | Continental,4.2,Rs 500-2000,"Sector 5, Panchkula",Yes,https://wibest.in/restaurants/chandigarh/
Mehfil Chandigarh,Chandigarh,North Indian | Mughlai,4.1,Rs 500-2000,Sector 17,Yes,https://wibest.in/restaurants/chandigarh/
Khyber Chandigarh,Chandigarh,North Indian | Mughlai,4.2,Rs 2000+,Sector 35,Yes,https://wibest.in/restaurants/chandigarh/
Barbeque Nation Chandigarh,Chandigarh,BBQ | North Indian,4.3,Rs 2000+,Sector 26,Yes,https://wibest.in/restaurants/chandigarh/
Sagar Ratna Chandigarh,Chandigarh,South Indian | Vegetarian,4.0,Rs 500-2000,Sector 17,Yes,https://wibest.in/restaurants/chandigarh/
Yellow Chilli,Chandigarh,North Indian | Mughlai,4.2,Rs 500-2000,Elante Mall,Yes,https://wibest.in/restaurants/chandigarh/
The Willow Cafe,Chandigarh,Cafe | Continental,4.4,Rs 500-2000,Sector 9,Yes,https://wibest.in/restaurants/chandigarh/
Cafe JCs,Chandigarh,Cafe | Italian,4.4,Rs 500-2000,Sector 7,Yes,https://wibest.in/restaurants/chandigarh/
Tehal Singh's Chicken,Chandigarh,North Indian | Punjabi,4.2,Rs 500-2000,Sector 23,Yes,https://wibest.in/restaurants/chandigarh/
Katani Dhaba,Chandigarh,North Indian | Punjabi,4.3,Under Rs 500,Sector 28,Yes,https://wibest.in/restaurants/chandigarh/
Peddlers,Chandigarh,Continental | North Indian,4.2,Rs 500-2000,Sector 35,Yes,https://wibest.in/restaurants/chandigarh/
Swagath Chandigarh,Chandigarh,South Indian | Coastal,4.3,Rs 2000+,Sector 26,Yes,https://wibest.in/restaurants/chandigarh/
Underdoggs Sports Bar,Chandigarh,Continental | Bar | Pub,4.2,Rs 2000+,Elante Mall,Yes,https://wibest.in/restaurants/chandigarh/
Sri Subbayya Gari Hotel,Visakhapatnam,Andhra | South Indian,4.3,Rs 500-2000,Dwaraka Nagar,Yes,https://wibest.in/restaurants/visakhapatnam/
Fishermen's Wharf,Visakhapatnam,Seafood | Coastal,4.4,Rs 2000+,Beach Road,Yes,https://wibest.in/restaurants/visakhapatnam/
Eat Street,Visakhapatnam,Street Food | Family,4.2,Rs 500-2000,Beach Road,Yes,https://wibest.in/restaurants/visakhapatnam/
Sahari Restaurant,Visakhapatnam,Andhra | Biryani,4.3,Rs 500-2000,MVP Colony,Yes,https://wibest.in/restaurants/visakhapatnam/
Raju Gari Dhaba,Visakhapatnam,Andhra | South Indian,4.2,Rs 500-2000,Madhurawada,Yes,https://wibest.in/restaurants/visakhapatnam/
Tenali Ramakrishna,Visakhapatnam,Andhra | Biryani,4.1,Rs 500-2000,Dwaraka Nagar,Yes,https://wibest.in/restaurants/visakhapatnam/
Kakatiya Restaurant,Visakhapatnam,Andhra | Hyderabadi,4.2,Rs 500-2000,Daba Gardens,Yes,https://wibest.in/restaurants/visakhapatnam/
Paradise Biryani Vizag,Visakhapatnam,Biryani | Hyderabadi,4.2,Rs 500-2000,Siripuram,Yes,https://wibest.in/restaurants/visakhapatnam/
Bay Leaf Novotel,Visakhapatnam,North Indian | Continental | Fine Dining,4.4,Rs 2000+,"Novotel, Beach Road",Yes,https://wibest.in/restaurants/visakhapatnam/
The Square Novotel,Visakhapatnam,North Indian | South Indian | Family,4.4,Rs 2000+,"Novotel, Beach Road",Yes,https://wibest.in/restaurants/visakhapatnam/
Infinity The Park,Visakhapatnam,North Indian | Continental | Family,4.3,Rs 2000+,"The Park, Beach Road",Yes,https://wibest.in/restaurants/visakhapatnam/
Aqua The Park,Visakhapatnam,Continental | Mediterranean | Fine Dining,4.3,Rs 2000+,"The Park, Beach Road",Yes,https://wibest.in/restaurants/visakhapatnam/
Spice 6,Visakhapatnam,North Indian | Asian | Fine Dining,4.3,Rs 2000+,"Radisson Blu, Rushikonda",Yes,https://wibest.in/restaurants/visakhapatnam/
Dakshin Chola,Visakhapatnam,South Indian | Andhra,4.2,Rs 500-2000,Dwaraka Nagar,Yes,https://wibest.in/restaurants/visakhapatnam/
Pinnacle Revolving Restaurant,Visakhapatnam,North Indian | Continental | Fine Dining,4.2,Rs 2000+,"Daspalla Hotel, Suryabagh",Yes,https://wibest.in/restaurants/visakhapatnam/
Hotel Daspalla,Visakhapatnam,Andhra | North Indian,4.1,Rs 500-2000,Suryabagh,Yes,https://wibest.in/restaurants/visakhapatnam/
Ten Downing Street,Visakhapatnam,Continental | Bar | Pub,4.2,Rs 2000+,Beach Road,Yes,https://wibest.in/restaurants/visakhapatnam/
Sea View Restaurant,Visakhapatnam,Seafood | Family,4.1,Rs 500-2000,Ramakrishna Beach,Yes,https://wibest.in/restaurants/visakhapatnam/
Flying Spaghetti Monster,Visakhapatnam,Italian | Cafe,4.4,Rs 500-2000,Beach Road,Yes,https://wibest.in/restaurants/visakhapatnam/
Cafe Coast 2 Coast,Visakhapatnam,Cafe | Continental,4.3,Rs 500-2000,Siripuram,Yes,https://wibest.in/restaurants/visakhapatnam/
Tiki Bar and Kitchen,Visakhapatnam,Asian | Continental | Bar,4.3,Rs 2000+,Beach Road,Yes,https://wibest.in/restaurants/visakhapatnam/
Nautica Welcomhotel,Visakhapatnam,Continental | Asian | Fine Dining,4.2,Rs 2000+,"Welcomhotel, Beach Road",Yes,https://wibest.in/restaurants/visakhapatnam/
Ulavacharu Vizag,Visakhapatnam,Andhra | Biryani,4.3,Rs 500-2000,Siripuram,Yes,https://wibest.in/restaurants/visakhapatnam/
Ginger Cafe,Visakhapatnam,Cafe | Continental,4.1,Rs 500-2000,Asilmetta,Yes,https://wibest.in/restaurants/visakhapatnam/
Wind & Waves,Bhopal,Multi-Cuisine | Lakeside | Indian,4.5,Rs 500-2000,"Boat Club Road, Shyamla Hills",Yes,https://wibest.in/restaurants/bhopal/
Under The Mango Tree,Bhopal,North Indian | Mughlai | Continental,4.4,Rs 500-2000,"Jehan Numa Palace Hotel, Shamla Hills",Yes,https://wibest.in/restaurants/bhopal/
La Kuchina,Bhopal,Italian | Pizza | Pasta,4.3,Rs 500-2000,"Plot 30, Press Complex, MP Nagar",No,https://wibest.in/restaurants/bhopal/
Bapu Ki Kutia,Bhopal,North Indian | Vegetarian | Thali,4.4,Under Rs 500,"DB Mall, Arera Hills",No,https://wibest.in/restaurants/bhopal/
Manohar Dairy & Restaurant,Bhopal,South Indian | Vegetarian | Sweets,4.5,Under Rs 500,"Hamidia Road, opposite Bharat Talkies",No,https://wibest.in/restaurants/bhopal/
Filfora,Bhopal,Lebanese | Mediterranean | Cafe,4.4,Rs 500-2000,"E-3/85, Arera Colony",No,https://wibest.in/restaurants/bhopal/
Spice Bazaar,Bhopal,Bhopali | Mughlai | Biryani,4.3,Rs 500-2000,"Hotel Lake View Ashok, Shamla Hills",Yes,https://wibest.in/restaurants/bhopal/
New Inn Cafe,Bhopal,Cafe | Continental | Italian,4.2,Under Rs 500,"Plot 31, Zone-II, MP Nagar",No,https://wibest.in/restaurants/bhopal/
Sagar Gaire,Bhopal,North Indian | Chinese | Fast Food,4.3,Under Rs 500,"Bittan Market, Arera Colony",No,https://wibest.in/restaurants/bhopal/
Indian Coffee House,Bhopal,South Indian | Cafe | Snacks,4.4,Under Rs 500,"Ahmedabad Palace, New Market",No,https://wibest.in/restaurants/bhopal/
Zero Degrees,Nagpur,Multi-Cuisine | Continental | Indian,4.4,Rs 500-2000,"Centre Point Hotel, Ramdaspeth",Yes,https://wibest.in/restaurants/nagpur/
Haldiram's Thaba,Nagpur,North Indian | Sweets | Vegetarian,4.5,Under Rs 500,"Wardha Road, Pratap Nagar",No,https://wibest.in/restaurants/nagpur/
Krishnum,Nagpur,North Indian | Mughlai | Tandoor,4.4,Rs 500-2000,"Ramdaspeth, opposite IMA Hall",No,https://wibest.in/restaurants/nagpur/
The Gondwana,Nagpur,Saoji | Vidarbha | Spicy,4.5,Rs 500-2000,"Hotel Tuli Imperial, Central Bazaar Road",Yes,https://wibest.in/restaurants/nagpur/
Ashoka Hotel,Nagpur,Saoji | North Indian | Mutton,4.4,Under Rs 500,"Trimurti Nagar, Khamla",No,https://wibest.in/restaurants/nagpur/
Barbeque Nation,Nagpur,Multi-Cuisine | Buffet | Grill,4.3,Rs 500-2000,"Empress City Mall, Pratap Nagar",No,https://wibest.in/restaurants/nagpur/
Ranjit Hotel,Nagpur,Maharashtrian | North Indian | Thali,4.4,Under Rs 500,Sitabuldi Main Road,No,https://wibest.in/restaurants/nagpur/
Cafe Coffee Bean & Tea Leaf,Nagpur,Cafe | Continental | Desserts,4.2,Rs 500-2000,"Eternity Mall, Sitabuldi",No,https://wibest.in/restaurants/nagpur/
Sahil Restaurant,Nagpur,Saoji | Mutton | Local,4.5,Under Rs 500,"Mominpura, Old City",No,https://wibest.in/restaurants/nagpur/
Mr Beans Cafe,Nagpur,Cafe | Italian | Continental,4.4,Rs 500-2000,"Dharampeth, near Maharaj Bagh",No,https://wibest.in/restaurants/nagpur/
Vinayaka Mylari,Mysore,South Indian | Dosa | Breakfast,4.6,Under Rs 500,"Nazarbad, opposite Mysore Race Club",No,https://wibest.in/restaurants/mysore/
Hotel RRR,Mysore,Andhra | South Indian | Meals,4.5,Under Rs 500,"Gandhi Square, Chamrajpura",No,https://wibest.in/restaurants/mysore/
Lalith Mahal Palace Dining Hall,Mysore,Multi-Cuisine | Heritage | Continental,4.4,Rs 2000+,"Lalitha Mahal Palace Hotel, T Narasipura Road",Yes,https://wibest.in/restaurants/mysore/
Hanumanthu Mess,Mysore,Mangalorean | Seafood | Chicken,4.5,Under Rs 500,"Salem Street, Mandi Mohalla",No,https://wibest.in/restaurants/mysore/
Olive Garden,Mysore,Italian | Continental | Cafe,4.3,Rs 500-2000,"Ramanuja Road, Yadavagiri",No,https://wibest.in/restaurants/mysore/
Le Olive Garden,Mysore,Multi-Cuisine | Continental | Garden Dining,4.4,Rs 500-2000,"Plot 113, KRS Road",No,https://wibest.in/restaurants/mysore/
Mahesh Prasad,Mysore,South Indian | Vegetarian | Thali,4.4,Under Rs 500,"Sayyaji Rao Road, Devaraja Mohalla",No,https://wibest.in/restaurants/mysore/
Tiger Trail,Mysore,North Indian | Mughlai | Multi-Cuisine,4.5,Rs 2000+,"Royal Orchid Metropole, JLB Road",Yes,https://wibest.in/restaurants/mysore/
Old House,Mysore,Cafe | Continental | Italian,4.4,Rs 500-2000,"Vinoba Road, Jayalakshmipuram",No,https://wibest.in/restaurants/mysore/
GTR (Gayatri Tiffin Room),Mysore,South Indian | Dosa | Breakfast,4.5,Under Rs 500,"Krishnamurthypuram, behind Mysuru Palace",No,https://wibest.in/restaurants/mysore/
Mandap,Vadodara,Gujarati | Thali | Vegetarian,4.5,Rs 500-2000,"Welcomhotel by ITC, RC Dutt Road",Yes,https://wibest.in/restaurants/vadodara/
Canopy,Vadodara,Multi-Cuisine | Continental | Buffet,4.4,Rs 500-2000,"Vivanta Vadodara, Akota Gardens",Yes,https://wibest.in/restaurants/vadodara/
Sayaji Sweets & Restaurant,Vadodara,Gujarati | Sweets | Vegetarian,4.5,Under Rs 500,"Sayajigunj, near railway station",No,https://wibest.in/restaurants/vadodara/
Rajdhani Thali,Vadodara,Gujarati | Rajasthani | Thali,4.4,Rs 500-2000,"Inorbit Mall, Gotri Road",No,https://wibest.in/restaurants/vadodara/
Mahalaxmi Bhojanalay,Vadodara,Gujarati | Thali | Home-Style,4.6,Under Rs 500,"Raopura, opposite Nyay Mandir",No,https://wibest.in/restaurants/vadodara/
Kalyan Restaurant,Vadodara,Punjabi | North Indian | Tandoor,4.4,Rs 500-2000,"Race Course Circle, Alkapuri",No,https://wibest.in/restaurants/vadodara/
Cafe Goodness,Vadodara,Cafe | Healthy | Continental,4.5,Rs 500-2000,"Old Padra Road, Akota",No,https://wibest.in/restaurants/vadodara/
Peshawri,Vadodara,North West Frontier | Tandoor | Fine Dining,4.5,Rs 2000+,"Welcomhotel by ITC, RC Dutt Road",Yes,https://wibest.in/restaurants/vadodara/
Hari Krishna,Vadodara,South Indian | Vegetarian | Dosa,4.4,Under Rs 500,"Sayajigunj, opposite Express Hotel",No,https://wibest.in/restaurants/vadodara/
Black Taj,Vadodara,Mughlai | North Indian | Biryani,4.3,Rs 500-2000,"Fatehgunj, opposite EME Temple",No,https://wibest.in/restaurants/vadodara/
Bansi Vihar,Patna,North Indian | Vegetarian | Thali,4.5,Rs 500-2000,"Boring Road, Shrikrishna Nagar",No,https://wibest.in/restaurants/patna/
Chacha Ki Hotel,Patna,Bihari | Litti Chokha | Local,4.6,Under Rs 500,"Boring Road, near Panchmukhi Hanuman Mandir",No,https://wibest.in/restaurants/patna/
Kabila,Patna,Multi-Cuisine | Mughlai | Tandoor,4.4,Rs 500-2000,"Hotel Maurya, South Gandhi Maidan",Yes,https://wibest.in/restaurants/patna/
Pind Balluchi,Patna,Punjabi | North Indian | Tandoor,4.3,Rs 500-2000,Patliputra Industrial Estate,No,https://wibest.in/restaurants/patna/
Takshila,Patna,North Indian | Continental | Multi-Cuisine,4.5,Rs 2000+,"Hotel Maurya, South Gandhi Maidan",Yes,https://wibest.in/restaurants/patna/
Mainland China,Patna,Chinese | Asian | Pan-Asian,4.4,Rs 500-2000,"Maurya Lok Complex, Dak Bungalow Road",No,https://wibest.in/restaurants/patna/
Litti Hub,Patna,Bihari | Litti Chokha | Street Food,4.5,Under Rs 500,"Frazer Road, near Heritage Hotel",No,https://wibest.in/restaurants/patna/
Cafe Coffee Day The Square,Patna,Cafe | Continental | Desserts,4.2,Rs 500-2000,"Boring Canal Road, near Panchmukhi Mandir",No,https://wibest.in/restaurants/patna/
Banaras Restaurant,Patna,North Indian | Banarasi | Vegetarian,4.4,Under Rs 500,"Exhibition Road, Gandhi Maidan",No,https://wibest.in/restaurants/patna/
Nirvana Restaurant,Patna,Multi-Cuisine | Mughlai | Tandoor,4.3,Rs 500-2000,"Lemon Tree Hotel, Frazer Road",Yes,https://wibest.in/restaurants/patna/
Jharokha,Bhopal,North Indian | Mughlai | Awadhi,4.4,Rs 500-2000,"Hotel Noor Us Sabah Palace, V I P Road",Yes,https://wibest.in/restaurants/bhopal/
The Reds,Bhopal,Continental | Italian | Cafe,4.2,Rs 500-2000,"Plot 14, MP Nagar Zone-1",No,https://wibest.in/restaurants/bhopal/
Nukkad Bhopal,Bhopal,Street Food | Chaat | North Indian,4.4,Under Rs 500,"DB Mall, Arera Hills",No,https://wibest.in/restaurants/bhopal/
Cafe Mocha,Bhopal,Cafe | Continental | Italian,4.3,Rs 500-2000,"DB City Mall, Arera Hills",No,https://wibest.in/restaurants/bhopal/
Naan Stop,Bhopal,North Indian | Mughlai | Tandoor,4.3,Rs 500-2000,"Plot 36, Press Complex, MP Nagar",No,https://wibest.in/restaurants/bhopal/
7 Spice Restaurant,Nagpur,North Indian | Mughlai | Multi-Cuisine,4.4,Rs 500-2000,"Wardha Road, Pratap Nagar",No,https://wibest.in/restaurants/nagpur/
Vidarbha Saoji,Nagpur,Saoji | Maharashtrian | Mutton,4.4,Under Rs 500,"Khamla Road, near MIDC",No,https://wibest.in/restaurants/nagpur/
Naivedyam Nagpur,Nagpur,South Indian | Vegetarian | Dosa,4.3,Under Rs 500,"Dharampeth, Shankar Nagar Square",Yes,https://wibest.in/restaurants/nagpur/
The Orchid Cafe,Nagpur,Continental | Italian | Cafe,4.3,Rs 500-2000,"The Orchid Hotel, Pratap Nagar",No,https://wibest.in/restaurants/nagpur/
Anand Bhandar,Nagpur,Maharashtrian | Vegetarian | Thali,4.4,Under Rs 500,"Mahal, near Cotton Market",Yes,https://wibest.in/restaurants/nagpur/
Hotel Mahesh Prasad Annex,Mysore,South Indian | Vegetarian | Andhra,4.3,Under Rs 500,"Sayyaji Rao Road, Devaraja Mohalla",Yes,https://wibest.in/restaurants/mysore/
Cosmo Village Restaurant,Mysore,Multi-Cuisine | Continental | Indian,4.2,Rs 500-2000,"Hyderali Road, Yadavagiri",No,https://wibest.in/restaurants/mysore/
Depth N Green,Mysore,Continental | Italian | Cafe,4.3,Rs 500-2000,"Vinoba Road, Jayalakshmipuram",No,https://wibest.in/restaurants/mysore/
Mylari Original,Mysore,South Indian | Dosa | Breakfast,4.5,Under Rs 500,Nazarbad Main Road,No,https://wibest.in/restaurants/mysore/
Park Lane Hotel,Mysore,Multi-Cuisine | Continental | Indian,4.3,Rs 500-2000,"2716 Sri Harsha Road, Lashkar Mohalla",No,https://wibest.in/restaurants/mysore/
Hocco Eatery,Vadodara,Continental | Italian | Cafe,4.4,Rs 500-2000,"Race Course Circle, Alkapuri",No,https://wibest.in/restaurants/vadodara/
Volga Restaurant,Vadodara,North Indian | Mughlai | Tandoor,4.3,Rs 500-2000,"Sayajigunj, near railway station",No,https://wibest.in/restaurants/vadodara/
Real Veg,Vadodara,Gujarati | Vegetarian | Multi-Cuisine,4.3,Rs 500-2000,"Inorbit Mall, Gotri Road",Yes,https://wibest.in/restaurants/vadodara/
Cafe Brera,Vadodara,Italian | Continental | Cafe,4.4,Rs 500-2000,"Old Padra Road, Akota",No,https://wibest.in/restaurants/vadodara/
Punjabi Adda,Vadodara,Punjabi | North Indian | Tandoor,4.2,Rs 500-2000,"Sun Pharma Road, Atladara",No,https://wibest.in/restaurants/vadodara/
Anandi Vatika,Patna,North Indian | Vegetarian | Multi-Cuisine,4.3,Rs 500-2000,"Boring Road, Patliputra Colony",Yes,https://wibest.in/restaurants/patna/
Hare Krishna Restaurant,Patna,South Indian | Vegetarian | Dosa,4.3,Under Rs 500,"Boring Canal Road, opposite Panchmukhi Hanuman Mandir",Yes,https://wibest.in/restaurants/patna/
Pinky Palace,Patna,Bihari | Mutton | Champaran,4.4,Under Rs 500,"Patna Junction Area, near GPO",No,https://wibest.in/restaurants/patna/
Cafe Coffee Day Maurya Lok,Patna,Cafe | Continental | Desserts,4.1,Rs 500-2000,"Maurya Lok Complex, Dak Bungalow Road",No,https://wibest.in/restaurants/patna/
Nukkadwala Patna,Patna,Street Food | Chaat | Bihari,4.4,Under Rs 500,"Boring Road, opposite Panchmukhi Hanuman",No,https://wibest.in/restaurants/patna/
Sasumaa,Surat,Gujarati | Thali | Vegetarian,4.5,Rs 500-2000,"Citylight Road, Athwa",Yes,https://wibest.in/restaurants/surat/
Kansar Gujarati Thali,Surat,Gujarati | Thali | Vegetarian,4.4,Rs 500-2000,"Surat Marriott Hotel, Athwa Lines",Yes,https://wibest.in/restaurants/surat/
Surati Locho King,Surat,Gujarati | Surati | Street Food,4.5,Under Rs 500,"Lal Darwaja, Bhagal",Yes,https://wibest.in/restaurants/surat/
Coal Barbecues,Surat,Multi-Cuisine | Buffet | Grill,4.3,Rs 500-2000,"VR Mall, Dumas Road",No,https://wibest.in/restaurants/surat/
Dholu Maharaj,Surat,Gujarati | Surati | Snacks,4.4,Under Rs 500,"Chowk Bazaar, near Old City",Yes,https://wibest.in/restaurants/surat/
Royal Albert Hotel,Surat,North Indian | Continental | Multi-Cuisine,4.3,Rs 500-2000,"Vesu Main Road, near Surat Diamond Bourse",No,https://wibest.in/restaurants/surat/
Pure South Indian Restaurant,Surat,South Indian | Vegetarian | Dosa,4.4,Under Rs 500,"Nanpura, opposite Saiba Hospital",Yes,https://wibest.in/restaurants/surat/
Cafe Hosh,Surat,Cafe | Continental | Italian,4.4,Rs 500-2000,"Citylight Road, Parle Point",No,https://wibest.in/restaurants/surat/
Sufiyana,Surat,Mughlai | North Indian | Biryani,4.3,Rs 500-2000,"Adajan Patia, opposite Hari Krishna Diamonds",No,https://wibest.in/restaurants/surat/
Jugaadi Adda,Surat,North Indian | Continental | Cafe,4.3,Rs 500-2000,"Piplod, near LP Savani School",No,https://wibest.in/restaurants/surat/
Giri Manja's,Mangalore,Mangalorean | Seafood | Konkani,4.6,Rs 500-2000,"Bunder, near Old Port",No,https://wibest.in/restaurants/mangalore/
Machali,Mangalore,Mangalorean | Seafood | Coastal,4.5,Rs 500-2000,"Maximus Mall, Light House Hill Road",No,https://wibest.in/restaurants/mangalore/
Ocean Pearl,Mangalore,Mangalorean | Continental | Seafood,4.4,Rs 2000+,"Hotel Ocean Pearl, Navabharath Circle",Yes,https://wibest.in/restaurants/mangalore/
Hao Ming,Mangalore,Chinese | Pan-Asian | Cantonese,4.4,Rs 500-2000,"Bharath Mall, Bejai",No,https://wibest.in/restaurants/mangalore/
Spindrift,Mangalore,Multi-Cuisine | Continental | Cafe,4.4,Rs 500-2000,"Goldfinch Hotel, Bunts Hostel Road",No,https://wibest.in/restaurants/mangalore/
Pabbas Ideal Ice Cream,Mangalore,Desserts | Ice Cream | Sweets,4.5,Under Rs 500,Lalbagh Main Road,Yes,https://wibest.in/restaurants/mangalore/
Hotel Janatha Deluxe,Mangalore,Mangalorean | Vegetarian | South Indian,4.3,Under Rs 500,"K S Rao Road, Hampankatta",Yes,https://wibest.in/restaurants/mangalore/
Panchakajjaya,Mangalore,Mangalorean | South Indian | Vegetarian,4.4,Under Rs 500,"Balmatta, near Kankanady",Yes,https://wibest.in/restaurants/mangalore/
Liquid Lounge,Mangalore,Cafe | Continental | Italian,4.3,Rs 500-2000,"Bharath Mall, Bejai",No,https://wibest.in/restaurants/mangalore/
Gajalee Mangalore,Mangalore,Mangalorean | Seafood | Goan,4.4,Rs 500-2000,"Hotel Deepa Comforts, M G Road",No,https://wibest.in/restaurants/mangalore/
Dalma Restaurant,Bhubaneswar,Odia | Vegetarian | Thali,4.6,Rs 500-2000,"Saheed Nagar, near AG Square",Yes,https://wibest.in/restaurants/bhubaneswar/
Hare Krishna Restaurant,Bhubaneswar,South Indian | Vegetarian | Thali,4.5,Rs 500-2000,"Master Canteen Square, Sahid Nagar",Yes,https://wibest.in/restaurants/bhubaneswar/
Truptee,Bhubaneswar,Odia | Vegetarian | Sweets,4.4,Under Rs 500,Saheed Nagar Main Road,Yes,https://wibest.in/restaurants/bhubaneswar/
Mauli Tiffin Centre,Bhubaneswar,Odia | Bengali | Sweets,4.5,Under Rs 500,"Old Town, near Lingaraj Temple",Yes,https://wibest.in/restaurants/bhubaneswar/
Kanika Mayfair,Bhubaneswar,Odia | Continental | Multi-Cuisine,4.4,Rs 2000+,"Mayfair Lagoon, Jaydev Vihar",Yes,https://wibest.in/restaurants/bhubaneswar/
Chappan Bhog,Bhubaneswar,Odia | Sweets | Vegetarian,4.5,Under Rs 500,Master Canteen Square,Yes,https://wibest.in/restaurants/bhubaneswar/
Tangerine 9,Bhubaneswar,Continental | Italian | Cafe,4.4,Rs 500-2000,"Esplanade One Mall, Rasulgarh",No,https://wibest.in/restaurants/bhubaneswar/
Wildflower at Mayfair,Bhubaneswar,Multi-Cuisine | Continental | Asian,4.5,Rs 2000+,"Mayfair Lagoon, Jaydev Vihar",No,https://wibest.in/restaurants/bhubaneswar/
Cafe Coffee Day Janpath,Bhubaneswar,Cafe | Continental | Desserts,4.1,Rs 500-2000,"Janpath Road, Master Canteen",No,https://wibest.in/restaurants/bhubaneswar/
Odisha Hotel,Bhubaneswar,Odia | Bengali | Thali,4.5,Under Rs 500,"Bapuji Nagar, near Forest Park",No,https://wibest.in/restaurants/bhubaneswar/
Khorikaa,Guwahati,Assamese | Naga | Tribal,4.6,Rs 500-2000,"GS Road, Bhangagarh",No,https://wibest.in/restaurants/guwahati/
Paradise Restaurant,Guwahati,Assamese | Bengali | Multi-Cuisine,4.4,Rs 500-2000,"GNB Road, Silpukhuri",No,https://wibest.in/restaurants/guwahati/
Heritage Khorikaa,Guwahati,Assamese | Tribal | Vegetarian,4.5,Rs 500-2000,"6 Mile, VIP Road",No,https://wibest.in/restaurants/guwahati/
Beatrouts,Guwahati,Cafe | Continental | Italian,4.4,Rs 500-2000,"Zoo Road, near Hub Mall",No,https://wibest.in/restaurants/guwahati/
Kiran's Kitchen,Guwahati,North Indian | Mughlai | Tandoor,4.3,Rs 500-2000,"Sundarpur, Beltola",No,https://wibest.in/restaurants/guwahati/
Mainland China Guwahati,Guwahati,Chinese | Asian | Pan-Asian,4.3,Rs 500-2000,"Hub Mall, Zoo Road",No,https://wibest.in/restaurants/guwahati/
Sundarban Resort,Guwahati,Bengali | Assamese | Multi-Cuisine,4.3,Rs 2000+,"VIP Road, near Khanapara",No,https://wibest.in/restaurants/guwahati/
Cafe Hendrix,Guwahati,Cafe | Continental | Mexican,4.4,Rs 500-2000,"GS Road, Christian Basti",No,https://wibest.in/restaurants/guwahati/
Naga Kitchen,Guwahati,Naga | Tribal | Smoked Meat,4.4,Rs 500-2000,"Hatigaon, Lachit Nagar",No,https://wibest.in/restaurants/guwahati/
Saffron Mayfair,Guwahati,Multi-Cuisine | Continental | Indian,4.4,Rs 2000+,"Vivanta Guwahati, Khanapara",No,https://wibest.in/restaurants/guwahati/
Villa Maya,Trivandrum,Continental | European | Fine Dining,4.5,Rs 2000+,"Airport Road, Anayara",No,https://wibest.in/restaurants/trivandrum/
Mathrubhumi Hotel,Trivandrum,Kerala | South Indian | Sadya,4.5,Under Rs 500,"Statue Junction, near Secretariat",Yes,https://wibest.in/restaurants/trivandrum/
Kalavara Restaurant,Trivandrum,Kerala | Seafood | South Indian,4.4,Rs 500-2000,"Press Road, Statue Junction",No,https://wibest.in/restaurants/trivandrum/
Travancore Court,Trivandrum,Multi-Cuisine | Continental | Indian,4.4,Rs 2000+,"Hotel Travancore Court, Thycaud",No,https://wibest.in/restaurants/trivandrum/
Ariya Niwas,Trivandrum,Kerala | South Indian | Vegetarian,4.4,Under Rs 500,"Aristo Junction, Manorama Road",Yes,https://wibest.in/restaurants/trivandrum/
Cafe Coffee Day Statue,Trivandrum,Cafe | Continental | Desserts,4.1,Rs 500-2000,"Statue Junction, M G Road",No,https://wibest.in/restaurants/trivandrum/
Sea Shells Restaurant,Trivandrum,Kerala | Seafood | Continental,4.3,Rs 500-2000,"Hotel Mascot, Palayam",No,https://wibest.in/restaurants/trivandrum/
Hotel Rahmaniya,Trivandrum,Kerala | Mughlai | Biryani,4.4,Under Rs 500,"Vazhuthacaud, near GPO",No,https://wibest.in/restaurants/trivandrum/
Cafe Mojo,Trivandrum,Cafe | Continental | Italian,4.3,Rs 500-2000,"Mall of Travancore, Chackai",No,https://wibest.in/restaurants/trivandrum/
Zam Zam Restaurant,Trivandrum,Kerala | Malabar | Biryani,4.4,Under Rs 500,"Pulimoodu, near Connemara Market",No,https://wibest.in/restaurants/trivandrum/
Kaveri Restaurant,Ranchi,North Indian | Mughlai | Tandoor,4.4,Rs 500-2000,"Main Road, near Albert Ekka Chowk",No,https://wibest.in/restaurants/ranchi/
Jharkhand Tribal Kitchen,Ranchi,Jharkhandi | Tribal | Local,4.5,Rs 500-2000,"Argora Square, near Birsa Park",No,https://wibest.in/restaurants/ranchi/
Capitol Hill Hotel Restaurant,Ranchi,Multi-Cuisine | Continental | Indian,4.3,Rs 500-2000,"Main Road, Sujata Chowk",No,https://wibest.in/restaurants/ranchi/
Yellow Sapphire,Ranchi,Multi-Cuisine | Continental | Asian,4.4,Rs 2000+,"Radisson Blu, Main Road",No,https://wibest.in/restaurants/ranchi/
Punjabi Rasoi,Ranchi,Punjabi | North Indian | Tandoor,4.3,Rs 500-2000,"Lalpur Chowk, Kanke Road",No,https://wibest.in/restaurants/ranchi/
Cafe Regal,Ranchi,Cafe | Continental | Italian,4.3,Rs 500-2000,"Main Road, near Hotel BNR Chanakya",No,https://wibest.in/restaurants/ranchi/
Hotel Yuvraj Restaurant,Ranchi,North Indian | Bengali | Mughlai,4.2,Rs 500-2000,"Doranda, near Big Bazaar",No,https://wibest.in/restaurants/ranchi/
Domino's Pizza Lalpur,Ranchi,Italian | Pizza | Fast Food,4.1,Rs 500-2000,"Lalpur, near Albert Ekka Chowk",No,https://wibest.in/restaurants/ranchi/
Litti Galli,Ranchi,Bihari | Jharkhandi | Litti Chokha,4.4,Under Rs 500,"Kachehri Chowk, near Jail Chowk",No,https://wibest.in/restaurants/ranchi/
The Big Banyan,Ranchi,Multi-Cuisine | Continental | Indian,4.3,Rs 500-2000,"Ranchi Club Road, near Albert Ekka Chowk",No,https://wibest.in/restaurants/ranchi/
