institute,exam,two_year_fee_inr,delivery_model,best_for
Aakash,NEET,"2,50,000-4,00,000",classroom,Scale and the most top ranks
Allen,NEET,"2,50,000-4,00,000",classroom,Kota powerhouse; consistent AIR toppers
Narayana,NEET,"2,00,000-4,00,000",residential,South India residential rigour
Sri Chaitanya,NEET,"2,00,000-4,00,000",residential,AP/Telangana residential model
Unacademy,NEET,"50,000-1,50,000",online,Online live classes
Physics Wallah,NEET,"5,000-1,00,000",online/offline,Unbeatable value
Allen,JEE,"1,50,000-3,00,000",classroom,Most consistent top ranks
FIITJEE,JEE,"2,50,000-4,50,000",classroom,Strong pedigree; verify centre status
Resonance,JEE,"1,50,000-2,50,000",classroom,Value classroom
Vedantu & Unacademy,JEE,"40,000-1,50,000",online,Online live classes
Physics Wallah,JEE,"4,000-1,00,000",online/offline,Unbeatable value
Kota residential (any),NEET/JEE,"5,00,000-8,00,000 all-in",residential + hostel,Maximum intensity (fees + living)
